keys,en
# Embervale string catalogue (Phase 24G). First column is the stable key; one column per locale.
# Author UI/dialogue strings here and reference them via Loc.T("key") — no hard-coded player strings.
# Add a new locale by adding a column (e.g. "fr") and translating each row.
menu.title,EMBERVALE
menu.subtitle,"Choose whether to save creation — or become its next Ash King."
menu.new_game,New Game
menu.continue,Continue
menu.load_game,Load Game
menu.settings,Settings
menu.quit,Quit
menu.coming_soon,Coming soon
pause.title,PAUSED
pause.resume,Resume
pause.save,Save
pause.load,Load
pause.settings,Settings
pause.main_menu,Return to Main Menu
pause.quit,Quit to Desktop
settings.title,SETTINGS
settings.section.graphics,GRAPHICS
settings.section.audio,AUDIO
settings.section.controls,CONTROLS
settings.section.gameplay,GAMEPLAY
settings.section.accessibility,ACCESSIBILITY
settings.window_mode,Window Mode
settings.window_mode.windowed,Windowed
settings.window_mode.fullscreen,Fullscreen
settings.window_mode.borderless,Borderless
settings.fov,Field of View
settings.vsync,V-Sync
settings.max_fps,Max FPS
settings.max_fps.uncapped,Uncapped
settings.master_volume,Master
settings.music_volume,Music
settings.sfx_volume,Effects
settings.ambience_volume,Ambience
settings.ui_volume,Interface
settings.voice_volume,Voice
settings.mouse_sensitivity,Mouse Sensitivity
settings.invert_y,Invert Look Y
settings.difficulty,Difficulty
settings.difficulty.story,Story
settings.difficulty.normal,Normal
settings.difficulty.hard,Hard
settings.third_person,Third-Person Camera
settings.tp_distance,Camera Distance
settings.tp_shoulder,Camera Shoulder
settings.tp_shoulder.right,Right
settings.tp_shoulder.left,Left
settings.tp_shoulder.centre,Centred
settings.cam_auto_shoulder,Auto Shoulder Swap
settings.cam_lock_framing,Lock-On Framing
settings.cam_obstruction_fade,Fade Obstructions
settings.cam_shake,Camera Shake
settings.cam_bob,Head Bob
settings.cam_fov_kick,FOV Kick
settings.combat_hit_stop,Hit Stop
settings.combat_flash,Combat Screen Flash
settings.combat_numbers,Damage Numbers
settings.combat_lock_assist,Lock-On Assist
settings.combat_aim_assist,Aim Assist
settings.reduced_motion,Reduced Motion
settings.subtitles,Subtitles
settings.ui_scale,UI Scale
settings.text_scale,Text Size
settings.high_contrast,High Contrast
settings.color_vision,Colour Vision
settings.color_vision.none,Off
settings.color_vision.deuteranopia,Deuteranopia
settings.color_vision.protanopia,Protanopia
settings.color_vision.tritanopia,Tritanopia
settings.reduced_motion.note,Stops panels sliding and magical motifs turning, and calms the camera and combat: no head bob or FOV kick, only a light shake, a short hit stop and a faint flash. Nothing is hidden — only held still.
settings.text_scale.note,Sizes text on its own. Unlike UI Scale this leaves panels and spacing where they are.
settings.high_contrast.note,Solid panel backgrounds, no parchment grain, heavier frames.
settings.color_vision.note,"Deuteranopia is green-weak, protanopia red-weak, tritanopia blue-yellow. Re-tints interface colours so shades that would blur together stay apart. Rarity also uses brightness and frame width, so it reads with colour off entirely."
slots.new_title,NEW GAME — CHOOSE A SLOT
slots.load_title,LOAD GAME
slots.empty,— Empty —
slots.slot,Slot {0}
slots.autosave,Autosave {0}
slots.level,"Lv {0}"
slots.meta,"{0}   ·   {1}"
slots.playtime,{0}h {1}m
common.back,Back
common.cancel,Cancel
common.new_game,New Game
common.overwrite,Overwrite
common.load,Load
common.delete,Delete
common.confirm_delete,Confirm delete
common.confirm_new,Confirm new
loading.title,Loading…
region.travel_prompt,Travel to {0}
region.travel_prompt_toll,"Travel to {0} — the wardens take {1} gold"
region.travel_prompt_permit,"Travel to {0} — your permit is in order"
region.travel_prompt_pass,"Travel to {0} — your pass is taken at the gate"
region.travel_prompt_short,"The road to {0} is barred — the wardens want {1} gold, and you carry {2}"
map.title,WORLD MAP
map.empty,Nothing discovered yet — explore to fill the map.
hud.compass.n,N
hud.compass.ne,NE
hud.compass.e,E
hud.compass.se,SE
hud.compass.s,S
hud.compass.sw,SW
hud.compass.w,W
hud.compass.nw,NW
travel.prompt_attune,Attune to {0}
travel.prompt_attuned,{0} (attuned)
# 38K: a travel node's name now goes through Loc.T, so new ones author a key here. The Phase 25 waystone
# still carries its authored English in the .tscn and renders correctly — Loc.T on a plain string returns
# it unchanged — so closing the §6 rule cost no migration.
travel.ember_crown.embermarket.name,The Embermarket
travel.ember_crown.crossway_post.name,The Crossway Post
property.cottage.name,The Ashfall Cottage
property.prompt_claim,"Claim {0} ({1} gold)"
property.prompt_owned,{0} (yours)
property.prompt_locked,"{0} — the town does not sell to strangers"
property.prompt_price,"{0} — {1} gold, and you carry {2}"
storage.prompt_open,Open the chest at {0}
storage.prompt_locked,"{0} — the chest is not yours to open"
storage.title,{0}   (E to close)
storage.your_pack,YOUR PACK
storage.stored,STORAGE
storage.slots,{0}/{1}
storage.store,Store
storage.take,Take
storage.empty,Nothing here.
storage.too_plain,Not worth showing off.
trophy.stand_name,Display Stand
trophy.prompt_empty,Display something here
trophy.prompt_shown,"{0} — on display"
trophy.prompt_locked,"{0} — not yours to decorate"
# Shops and trade (Phase 38A). Prices stay unlocalised digits per UI_STYLE §10.
shop.ember_crown.goods.name,Aldreth's General Goods
shop.prompt_trade,Trade with {0}
shop.title,{0}   (E to close)
shop.wares,WARES
shop.your_pack,YOUR PACK
shop.purse,Purse: {0}
shop.inspect_hint,Select an item to inspect it
shop.price,{0}g
shop.buy,Buy
shop.sell,Sell
shop.consign,List
shop.consign_price,"{0}g in {1}d"
shop.consign_shelf,On her shelf: {0}
appraisal.title,APPRAISAL — {0}
appraisal.subtitle,"Per unit, at your standing. A merchant pays less as you fill her up."
appraisal.buyer,"{0} pays {1}g"
appraisal.no_buyer,No honest counter will take this
appraisal.consign,"{0} would list it for {1}g in {2}d"
appraisal.nothing,Nothing here has a market.
shop.empty,Nothing for sale.
shop.pack_empty,Nothing to sell.
shop.cannot_afford,You cannot afford this.
shop.sold_out,Sold out until the next delivery.
shop.restocks,restocks every {0}d
shop.standing,"Standing: {0} ({1}% on their prices)"
shop.prompt_hostile,"{0} — they will not deal with you"
shop.vendor_purse,"has {0}g"
shop.vendor_broke,They cannot cover that right now.
shop.worthless,Not worth a single coin.
shop.unsellable,This is not for sale.
# Trades (Phase 38F). A merchant who refuses something names what she does deal in — a refusal that only
# says no leaves the player carrying a pelt around a town, while one that names a trade tells them what
# kind of person to look for. The tag names below are the plural a shopkeeper would use out loud.
shop.specialty,their trade
shop.glutted,plenty already
shop.not_my_trade,They have no use for this.
shop.refuses_tag,"{0} deals in {1}."
# Contraband (Phase 38O). A fifth named refusal, and it must NOT reuse shop.not_my_trade: "no use for
# this" sends the player looking for a specialist who does not exist, when the true answer is that no
# honest counter in the realm will take it and the wharf is the only door.
shop.refuses_contraband,"{0} will not have this in the shop. Somewhere quieter, perhaps."
trade.tag.metal,metalwork
trade.tag.ore,raw ore
trade.tag.leather,leather
trade.tag.pelt,pelts
trade.tag.herb,herbs
trade.tag.reagent,reagents
trade.tag.potion,remedies
trade.tag.gem,gemstones
trade.tag.jewelry,jewellery
trade.tag.weapon,weapons
trade.tag.armor,armour
trade.tag.arcane,arcana
trade.tag.tool,tools
trade.tag.furnishing,furnishings
trade.tag.trophy,trophies
trade.tag.relic,relics
trade.tag.luxury,fine goods
# 38L opened five of the eight tags the economy arc had named, each with goods wearing it on the same
# day. 38O opened contraband the same way; map and livestock wait for anything at all to carry them.
trade.tag.food,provisions
trade.tag.fish,fish
trade.tag.textile,cloth
trade.tag.tome,books
trade.tag.fuel,fuel
trade.tag.contraband,goods best not asked about
# Stock tiers and merchant investment (Phase 38I). Each lock names a different thing to go and do, in the
# order flag -> standing -> gold, so a player is never told to invest in a merchant who is waiting on a
# story beat. A stake is permanent and buys two things only: her purse and the rows behind it.
shop.locked_flag,Not shown to strangers.
shop.locked_standing,"Kept for {0} and better."
shop.locked_investment,"Kept for those with a stake ({0})."
shop.locked,locked
shop.invest,Invest
shop.invest_offer,"A stake in the business: {0}g for {1}g more in their purse."
shop.invest_access,"A stake in the business: {0}g, and they open the rest of their stock."
shop.invest_held,"Stake: {0} of {1}"
shop.invest_full,You already own all the stake they will sell.
# Local trade (Phase 38G). The line says what the PLACE does to the prices, where the standing line
# says what the merchant does — two different reasons a number moved, and the player meets them in
# that order. A settlement that authors neither says nothing at all: "prices are normal here" is noise.
shop.local_trade,"This place is awash in {0} and short of {1}."
shop.local_surplus,"This place is awash in {0} — it fetches little here."
shop.local_demand,"This place is short of {0} — it fetches more here."
# Supply shocks (Phase 38T). The line above says what this place is normally like; these say what has
# happened to it this week, and both are on screen at once because a shocked cell still has a standing
# trade underneath. The shortage line carries the haul counter because selling into it is the only
# thing a player can do about a shock and nothing else in the game would mention it.
shop.shock_shortage,"Word from the road: no {0} is getting through. Prices are up for {1} more day(s)."
shop.shock_glut,"A caravan got through — {0} is going cheap here for {1} more day(s)."
shop.shock_fair,"The fair is on. The stalls are overflowing for {0} more day(s)."
shop.shock_relief,"({0}/{1} hauled in)"
# Haggling (Phase 38S). The offer names the odds because the downside is real and unnamed odds are a
# coin the player cannot decide about; the two outcomes name what moved, because a price that changed
# without a line of text reads as the shop being mispriced.
shop.haggle,Haggle
shop.haggle_offer,"They might be talked down today ({0} in 100). A refusal will be remembered."
shop.haggle_won,"You talked them round — better prices from them today."
shop.haggle_lost,"They did not care for the attempt, and they will remember it today."
# Price breakdown (Phase 38U). One row per step of a price, hovered on the number itself. {0} is the
# line's own argument — a trade, a percentage, a quantity — and {1} is the gold AFTER that step, so a
# row that needs only one of the two simply does not mention the other. Keys are declared as constants
# on PriceBreakdown and --validate proves every one of them resolves, because a shock line, a glut line
# and a broker's cut are all unreachable at the town square: walking the authored shops would pass
# while three tooltips showed a raw key.
shop.line.base,"worth {1}g anywhere"
shop.line.local_surplus,"{0} is common here — {1}g"
shop.line.local_demand,"{0} is scarce here — {1}g"
shop.line.shock_surplus,"a caravan brought {0} in — {1}g"
shop.line.shock_demand,"no {0} is getting through — {1}g"
shop.line.markup,"their margin {0}% — {1}g"
shop.line.fraction,"they pay {0}% of that — {1}g"
shop.line.standing,"how they take to you {0}% — {1}g"
shop.line.specialty,"their own trade {0}% — {1}g"
shop.line.haggle,"today's bargain {0}% — {1}g"
shop.line.stack,"{0} of them — {1}g"
shop.line.glut,"{0} of them, their appetite falling — {1}g"
shop.line.shelf,"her shelf, at {0}% of value — {1}g"
shop.line.house_cut,"less the house's {0}% — {1}g"
shop.line.labour,"the work itself — {1}g"
shop.line.material,"materials he must supply: {0} — {1}g"
shop.line.travel_local,"a jump inside this realm — {1}g"
shop.line.travel_cross,"across the realm boundary — {1}g"
shop.line.travel_owned,"a holding of your own — no charge"
shop.line.travel_mounted,"you ride it yourself — no charge"
shop.haggle_spent,You have already tried your luck with them today.
# Trading hours and the travelling trader (Phase 38J). A closed shop names the hour it opens: "closed"
# alone leaves the player standing at a stall with nothing to do about it, while an hour is an
# instruction — sleep at the inn, or come back after. An absent merchant has no line at all, because he
# is not there to say one.
shop.prompt_closed,"{0} — closed until {1}"
shop.ember_crown.traveller.name,Hesk the Wayfarer
dlg.smith.c_closed,Are you trading?
dlg.smith.closed,"Forge is cold and my arm's done. Come back when it's light and I'll see you right."
dlg.apothecary.c_closed,Are you open?
dlg.apothecary.closed,"Not at this hour. The tinctures need the dark to settle, and I need the sleep. Morning."
dlg.vendor_goods.c_closed,Anything for sale?
dlg.vendor_goods.closed,"Cart's covered, friend. I'm up before the sun most days — try me then."
# Services (Phase 38D). Each refusal is its own line: a rested bed, a bought mount and a lesson already
# learned are different sentences, and one shared "nothing to do here" reads as a broken interactable.
service.ember_crown.inn.name,The Ashen Hearth
# 37E: the bed in the player's own house. Free, and gated on owning the holding by PropertyId on
# the ServiceComponent -- a .tscn field --validate cannot see. The refusal names whose it is
# rather than going quiet: a bed that says nothing reads as broken furniture.
service.ashfall.bed.name,Your Own Bed
service.not_yours,"{0} — this is not yours. The deed post outside says what it would take."
service.ember_crown.bank.name,The Guild Vault
service.ember_crown.trainer.name,Bryn's Smithing Lesson
service.ember_crown.stable.name,The Ember Crown Stables
service.prompt_rest,"Rest at {0} ({1} gold)"
service.prompt_account,"Open an account at {0} ({1} gold)"
service.prompt_train,"Take {0} ({1} gold)"
service.prompt_buy_mount,"Buy a mount at {0} ({1} gold)"
service.prompt_free,Use {0}
service.prompt_price,"{0} — {1} gold, and you carry {2}"
# 38U: a world prompt is not a Control and has nothing to hover, so the reason a service price moved
# rides inline on the lines that quote a number. Silent at Neutral, which is the tier every service is
# authored against and the only one that changes nothing.
service.price_standing," (standing {0}%)"
service.prompt_hostile,"{0} — they will not serve you"
service.prompt_open,Open {0}
service.prompt_taught,"{0} — you have learned all they can teach"
service.prompt_owned,"{0} — your mount is stabled here"
service.crossway.permit.name,A Crossway Permit
service.crossway.bribe.name,A Quiet Word at the Gate
service.prompt_passage,"{0} ({1} gold)"
service.prompt_passage_held,"{0} — your papers are already in order"
# Contraband search and impound (Phase 38O). The search is the one service in the game the player is
# not buying, so its offer line has to say what the press will do — the generic free line ("Use {0}")
# would have a warden take their goods off them with no warning at all.
service.crossway.search.name,The Warden's Search
service.crossway.impound.name,The Crossway Impound
service.prompt_search,"{0} — stand still and be searched"
service.prompt_search_clean,"{0} — you have nothing to declare"
service.prompt_redeem,"{0} — pay the fine and take your goods ({1} gold)"
service.prompt_redeem_empty,"{0} — they are holding nothing of yours"
service.embermarket.collect.name,The Consignment Counter
service.prompt_collect,"{0} — collect what has sold ({1} gold)"
service.prompt_collect_empty,"{0} — nothing of yours has sold yet"
service.embermarket.appraisal.name,Brightcut's Scales
service.prompt_appraise,"{0} — have your goods valued"
service.prompt_appraise_empty,"{0} — you are carrying nothing worth weighing"
service.ember_crown.commission.name,Bryn's Order Bench
service.prompt_commission,"{0} — have it made for you ({1} gold and materials)"
service.prompt_commission_none,"{0} — you know nothing he could make here"
craft.station_forge,Forge
craft.station_workbench,Workbench
craft.station_alchemy,Alchemy Table
place.decor_brazier,Iron Brazier
place.decor_crate,Banded Crate
place.decor_banner,Guild Banner
place.display_stand,Display Stand
place.holding,"Placing: {0}  (x{1})"
place.keys,"[{0}] set down     [Esc] done"
place.keys_remove,"[{0}] pick up     [Esc] done"
place.pick_up,Take back the {0}
place.ok,Clear ground.
place.refuse_not_owned,You own nowhere to build.
place.refuse_no_ground,No ground there.
place.refuse_blocked,Something is already standing there.
place.refuse_outside,"Outside {0}"
travel.button,Travel to {0}
map.travel_header,FAST TRAVEL
map.travel_empty,No waystones attuned yet.
map.travel_cost,{0}g
map.travel_free,free
map.travel_cannot_afford,You cannot afford the passage.
map.travel_locked,Waystone not attuned.
notify.location_discovered,Discovered · {0}
craft.mode_craft,Craft
craft.mode_salvage,Salvage
craft.deconstruct,Deconstruct
craft.salvage_none,Nothing here can be salvaged at this station.
craft.yield_xp,+{0} XP
craft.equipped,Equipped
craft.recipes_none,No recipes for this station.
craft.craft,Craft
craft.commission,Commission ({0}g)
# Character screen (InventoryPanel)
char.title,CHARACTER   (I to close)
char.reputation,REPUTATION
char.dread,Dread: -{0} (corruption)
char.rep_line,{0}: {1} ({2})
# Reputation tier names. The enum's Label() stays the invariant identifier (save headers,
# analytics, dev console); these are what the player is shown.
rep.tier.hated,Hated
rep.tier.hostile,Hostile
rep.tier.unfriendly,Unfriendly
rep.tier.neutral,Neutral
rep.tier.friendly,Friendly
rep.tier.honored,Honored
rep.tier.allied,Allied
char.xp_max,MAX
char.level_line,Level {0}    XP {1}
char.skill_points,Skill points: {0}
char.spell_points,Spell points: {0}
char.corruption,CORRUPTION
char.corruption_line,{0}   ({1}/{2})
# Corruption tier names — same split as the reputation tiers above.
corruption.tier.untainted,Untainted
corruption.tier.touched,Touched
corruption.tier.marked,Marked
corruption.tier.ashbound,Ashbound
corruption.tier.embers,Embers
char.perks,PERKS
char.perk_rank,{0}  ({1}/{2})
char.perk_learn,Learn ({0})
char.perk_maxed,[maxed]
char.perk_needs,[needs {0}]
char.tab_gear,Gear
char.tab_spells,Spells
char.tab_progression,Progression
char.tab_perks,Perks
char.tab_guilds,Guilds
# Guilds (Phase 42A). A guild is a faction with ranks; membership lives in story flags and is
# resolved by GuildRules, so these strings NAME states — they never store one.
guild.header,ALLEGIANCES
guild.none,No order has approached you yet.
guild.state.unknown,Unaffiliated
guild.state.offered,Invited
guild.state.refused,Declined
guild.state.member,Member
guild.state.left,Departed
guild.state.finale,Sworn
guild.rank_line,{0} — rank {1} of {2}
guild.rank_none,No rank earned
guild.standing_line,Standing: {0} ({1})
guild.contradiction,Inconsistent membership record ({0})
# Rank names, lowest first. A rank's FLAG is derived from the guild id and this number, so these
# are free to be renamed in any locale without touching a save.
guild.dawnwardens.rank1,Aspirant
guild.dawnwardens.rank2,Warden
guild.dawnwardens.rank3,Dawnblade
guild.ash_hunters.rank1,Tracker
guild.ash_hunters.rank2,Hunter
guild.ash_hunters.rank3,Ashbane
guild.veiled_archive.rank1,Reader
guild.veiled_archive.rank2,Archivist
guild.veiled_archive.rank3,Keeper of the Veil
guild.iron_syndicate.rank1,Runner
guild.iron_syndicate.rank2,Contractor
guild.iron_syndicate.rank3,Ironhand
guild.emberbound.rank1,Kindled
guild.emberbound.rank2,Ember-Sworn
guild.emberbound.rank3,Flamekeeper
char.equipment,EQUIPMENT
char.spells,SPELLS
char.spell_rank,{0}  ({1}/{2})
char.spell_buy,Buy ({0})
char.spell_upgrade,Upgrade ({0})
char.spell_maxed,[maxed]
char.spell_needs,[needs {0}]
char.spell_cost,[{0} sp]
char.school_mastery,{0}   ·   Mastery {1}/{2}  (+{3}%)
char.mode_charged,[charged]
char.mode_channeled,[channeled]
school.fire,Fire
school.frost,Frost
school.lightning,Lightning
school.arcane,Arcane
school.nature,Nature
school.necrotic,Necrotic
char.unequip,Unequip
char.empty,(empty)
char.equip,Equip
char.use,Use
char.place,Place
char.assign_hotbar,"Assign to hotbar slot {0}"
interact.talk_to,Talk to {0}
interact.loot,Loot {0}
interact.container,Container
hud.hotbar_hint,"Press 1-5 to use · click to clear"
hud.consumables,Consumables
feedback.crit,CRITICAL!
feedback.block,BLOCKED
feedback.stagger,STAGGERED!
feedback.parry,PARRY!
char.backpack,BACKPACK
char.backpack_full,BACKPACK   {0}/{1}   wt {2}

# --- Item presentation (Phase 37.5C) — the shared slot/detail vocabulary ---
item.meta,"{0}   ·   {1} wt   ·   {2}g"
item.vs_equipped,vs equipped
item.vs_empty,vs empty slot
item.type_misc,Misc
item.type_consumable,Consumable
item.type_weapon,Weapon
item.type_armor,Armor
item.type_material,Material
item.type_quest,Quest
item.sort,Sort
item.sort_name,Name
item.sort_rarity,Rarity
item.sort_weight,Weight
item.sort_value,Value
item.filter_all,All
item.empty_slot,Empty
item.select_hint,Select an item to inspect it.

# --- Character stats & progression (Phase 37.5C2) ---
char.tab_stats,STATS
char.stats_attributes,Attributes
char.stats_combat,Offence
char.stats_defence,Defence
char.stat_reduced,"{0}% reduced"
char.level_badge,"Level {0}"
char.xp_progress,"{0} / {1} XP"
char.points_skill,"{0} skill"
char.points_spell,"{0} spell"
char.perk_rank_short,"{0}/{1}"
char.perks_none,No perks are known yet.

# --- The spellbook (Phase 37.5D) ---
spellbook.title,SPELLBOOK
spellbook.none,No spellcraft is known in this world yet.
spellbook.school_empty,Nothing of this school has been written down.
spellbook.prepared,Prepared
spellbook.prepared_none,nothing prepared
spellbook.select_hint,Choose a spell to study it.
spellbook.synergies,Synergies
spellbook.synergy_line,"{0} into a target suffering {1} bursts for {2} extra."
spellbook.mana,"{0} mana"
spellbook.cooldown,"{0}s"
spellbook.mana_label,Mana cost
spellbook.cooldown_label,Cooldown
spellbook.damage_label,Damage
spellbook.healing_label,Healing
spellbook.range_label,Range
spellbook.delivery,"{0} · {1}"
spellbook.delivery_projectile,Projectile
spellbook.delivery_area,Area
spellbook.delivery_self,Self
spellbook.delivery_cone,Cone

# --- Journal, map and codex (Phase 37.5E) ---
questlog.main,Main Thread
questlog.side,Errands
# Quest journal (QuestLogPanel)
questlog.title,QUEST JOURNAL   (J to close)
questlog.none,(no quests)
questlog.no_active,(no active quests)
questlog.completed,COMPLETED
# 41B — the journal's first not-a-success ending. The heading landed with the state, not before it.
questlog.failed,FAILED
# Quest tracking (39.5B) — chooses which quest the HUD tracker and compass follow
questlog.track,TRACK
questlog.tracked,TRACKED
questlog.untrack,UNTRACK
questlog.rewards,REWARDS
questlog.reward_xp,{0} XP
questlog.track_tip,Follow this quest on the HUD
# Dialogue window (DialoguePanel)
dialogue.leave,(Leave)
# Game HUD (GameHud)
hud.hp,HP
hud.sta,STA
hud.mp,MP
hud.quest,QUEST
hud.level,Lv {0}
hud.no_mana,not enough mana
hud.ready,ready
hud.charging,charging…
hud.casting,casting…
hud.channeling,channeling
hud.xp_gain,+{0} XP
hud.levelup,Level {0}
hud.hotbar_empty_hint,Assign a consumable from your inventory
# Day phase names (39.5B) — were hard-coded English in DayPhases.Label, on screen since Phase 18
time.phase.dawn,Dawn
time.phase.day,Day
time.phase.dusk,Dusk
time.phase.night,Night
# Tracked-objective readout (39.5B): {0} distance, {1} unit, {2} compass point
hud.quest.destination,{0} {1} · {2}
hud.quest.time_left,{0}:{1} left
hud.unit.metres,m
hud.unit.kilometres,km
# Objective completed toast (39.5B): {0} is the objective's short label
hud.quest.objective_done,{0} ✓
# Stat names (StatNames / character creator)
stat.health,Health
stat.stamina,Stamina
stat.mana,Mana
stat.strength,Strength
stat.dexterity,Dexterity
stat.intelligence,Intelligence
stat.vitality,Vitality
stat.endurance,Endurance
stat.armor,Armor
stat.physical_power,Physical Power
stat.spell_power,Spell Power
stat.move_speed,Move Speed
stat.attack_speed,Attack Speed
stat.crit_chance,Crit Chance
stat.crit_damage,Crit Damage
stat.fire_resist,Fire Resistance
stat.frost_resist,Frost Resistance
stat.lightning_resist,Lightning Resistance
stat.arcane_resist,Arcane Resistance
stat.nature_resist,Nature Resistance
stat.necrotic_resist,Necrotic Resistance
# Character creator (CharacterCreator)
create.title,CREATE CHARACTER
create.race,Race
create.innate,Innate
create.stat_line,{0} {1}
create.rep_line,{0} {1}
create.name,Name
create.name_hint,Enter a name
create.background,Background (optional)
create.background_hint,A line about who you are
create.confirm,Begin
create.back,Back
# --- Phase 27E: warband quest chain ---
quest.gather_iron.title,"Gather Iron"
quest.gather_iron.summary,"The smith needs raw iron. Bring back ore from the surrounding hills."
quest.gather_iron.obj,"Gather iron ore"
quest.hollowreach.word.title,"Word to the Wharf"
quest.hollowreach.word.summary,"Holt's barrels come up from Hollowreach and this month they did not. Walk down to the wharf and find out from Sedge Marrow whether they are coming at all."
quest.hollowreach.word.obj_reach,"Go down to Hollowreach"
quest.hollowreach.word.obj_talk,"Ask Sedge Marrow about the barrels"
quest.objective.unnamed,"Objective"
# --- Phase 41B: escort + defend, and the two quests that call them ---
quest.hollowreach.ledger.title,"The Ledger Run"
quest.hollowreach.ledger.summary,"Sedge Marrow will not send her season's ledger up the road with a stranger, and she will not send it alone either. Walk her hull-hand Tessa Rill to Embermarket and see her there in one piece."
quest.hollowreach.ledger.obj,"See Tessa Rill safely to Embermarket"
quest.warband.hold_north.title,"Hold the North Road"
quest.warband.hold_north.summary,"The warband wants the north road held long enough for a cart to clear it. Stand in the wilds north of the Ember Crown for a full minute and do not be moved off it."
quest.warband.hold_north.obj,"Hold the north wilds"
quest.emberdeep.tally.title,"The Sealed Tally"
quest.emberdeep.tally.summary,"Coyle Ferrin's month of figures is sealed in a tin and due at the Emberdeep waystone before the shift changes. The short way north is open ground, and the goblins on it do not need to know what you are carrying."
quest.emberdeep.tally.obj_set,"Set the tally at the Emberdeep waystone"
quest.emberdeep.tally.obj_unseen,"Reach the mine without being drawn into a fight"
quest.warband.bounty.title,"Goblin Cullers"
quest.warband.bounty.summary,"Goblins harry the roads out of the Ember Crown. The guild posts a standing bounty: thin their numbers in the wilds."
quest.warband.bounty.obj,"Slay goblins"
quest.warband.forge.title,"Iron for the Forge"
quest.warband.forge.summary,"Bryn's forge runs cold without ore. Bring iron from the northern hills so the smith can arm the town."
quest.warband.forge.obj,"Gather iron ore"
quest.warband.remedies.title,"Remedies for the Wounded"
quest.warband.remedies.summary,"Mirela's stores run thin while goblin wounds mount. Gather healing herb from the wilds for the apothecary."
quest.warband.remedies.obj,"Gather healing herb"
quest.warband.heart.title,"Break the Warband"
quest.warband.heart.summary,"The goblins answer to a warband massing in the northern wilds. The elder asks you to break its back before it falls on the town."
quest.warband.heart.obj,"Cut down the warband"
# --- Phase 34.5C: the Frostfang clan arc and its betrayal branch ---
quest.clan.proving.title,"What You Can Carry"
quest.clan.proving.summary,"Hjalvar Stormbound will not take an outsider's word for anything. The rime that drifts down from the passes is a problem the hold has stopped bothering to name. Break four of them."
quest.clan.proving.obj,"Shatter rime shards"
quest.clan.stores.title,"Against the Winter"
quest.clan.stores.summary,"Sigrun counts the stores twice and does not like the second number. Pelts, off whatever will spare them, before the long dark closes the passes."
quest.clan.stores.obj,"Gather beast pelts"
quest.clan.hollow.title,"What Comes Up Through the Ice"
quest.clan.hollow.summary,"Something walks the ice that stopped being anyone a long time ago. The clans have a word for the Hollow and it is not a polite one. Put five of them down."
quest.clan.hollow.obj,"Put down hollow husks"
quest.clan.exile.proof.title,"A Cut Hand"
quest.clan.exile.proof.summary,"Halvar One-Hand watches the hold's fires from outside them and has an offer for anyone the hold has not yet claimed. Three of their raiders, and he will believe you mean it."
quest.clan.exile.proof.obj,"Kill clan raiders"
quest.clan.exile.rite.title,"Break the Rite"
quest.clan.exile.rite.summary,"The shamans are what hold the clans together in the cold. Halvar wants two of them silenced, and has a buyer in the south who wants the same."
quest.clan.exile.rite.obj,"Kill clan shamans"
dlg.guild_board.speaker,"Adventurers' Guild Notice"
dlg.guild_board.root,"The notice board bristles with contracts. One fresh bounty catches your eye."
dlg.guild_board.c_offer,"(Read the goblin-culling bounty.)"
dlg.guild_board.c_active,"(Check the standing bounty.)"
dlg.guild_board.c_thanks,"(The bounty is marked paid.)"
dlg.guild_board.c_bye,"(Step away from the board.)"
dlg.guild_board.offer,"BOUNTY: Goblins prey on our roads. Cull three in the wilds and the guild pays in coin. Take the contract?"
dlg.guild_board.c_accept,"Take the bounty."
dlg.guild_board.c_decline,"Leave it for now."
dlg.guild_board.accepted,"The contract is yours. Goblins haunt the wilds beyond the walls — go earn your coin."
dlg.guild_board.c_accepted_bye,"Understood."
dlg.guild_board.inprogress,"The bounty still stands: three goblins, not yet culled."
dlg.guild_board.c_inprogress_bye,"I'm working on it."
dlg.guild_board.thanks,"The bounty is settled — the guild thanks you. Watch the board for more."
dlg.guild_board.c_thanks_bye,"I will."
# 38K second pass: the Embermarket's notice board. Read-only flavour — no choice here carries an
# Effect, so nothing reaches the quest log or the story flags.
dlg.market_board.speaker,"Embermarket Notice"
dlg.market_board.root,"A slab of oak nailed with proclamations, half of them faded to nothing. Three are still legible."
dlg.market_board.c_customs,"(Read the market customs.)"
dlg.market_board.c_tolls,"(Read the notice about the Crossway.)"
dlg.market_board.c_stalls,"(Read the list of stall holders.)"
dlg.market_board.c_back,"(Look at the other notices.)"
dlg.market_board.c_bye,"(Step away from the board.)"
dlg.market_board.customs,"BY ORDER OF THE TOWN: no blade drawn between the lamps. No fire but the braziers. Weights are the town's and are checked at dawn. Any trader found short-weighing forfeits his stall and his stock, and the Dawnwardens will see him to the gate."
dlg.market_board.tolls,"NOTICE: the Crossway Post now takes a toll of every cart that comes south. The road wardens say it pays for the road. The carters say it pays for the wardens. Either way, what arrives here arrives dearer than it did last season."
dlg.market_board.stalls,"STALL HOLDERS, EMBERMARKET: every stall on this square stands let and unclaimed, awaiting the season's traders. Coin, cloth, iron, herb, hide and glass. Enquiries to the town, who will want to know your trade before your name."
dlg.smith.speaker,"Bryn the Smith"
dlg.smith.root,"Bryn looks up from a cold anvil, soot dark on his brow."
dlg.smith.c_offer,"Need anything forged?"
dlg.smith.c_active,"About that iron..."
dlg.smith.c_thanks,"The forge — is it burning again?"
dlg.smith.c_bye,"Good day, smith."
dlg.smith.offer,"My forge is dead without ore. Bring me three lumps of iron from the hills and I'll keep the town in steel. Will you?"
dlg.smith.c_accept,"I'll bring your iron."
dlg.smith.c_decline,"Not just now."
dlg.smith.accepted,"Bless you. The hills lie to the north — mind the goblins along the way."
dlg.smith.c_accepted_bye,"I'll head out."
dlg.smith.inprogress,"Still cold, this forge. Three lumps of iron ore — that's all I ask."
dlg.smith.c_inprogress_bye,"I'll keep looking."
dlg.smith.thanks,"The iron you brought has the forge roaring again. Steel for the town at last — my thanks."
dlg.smith.c_thanks_bye,"Glad to help."
dlg.apothecary.speaker,"Mirela, Apothecary"
dlg.apothecary.root,"Mirela grinds herbs with a worried frown, her shelves near bare."
dlg.apothecary.c_offer,"You look troubled."
dlg.apothecary.c_active,"Still gathering your herbs."
dlg.apothecary.c_thanks,"Are the wounded mending?"
dlg.apothecary.c_bye,"Be well."
dlg.apothecary.offer,"Goblin wounds fill my cot and my remedies run dry. Four sprigs of healing herb from the wilds would save lives. Will you gather them?"
dlg.apothecary.c_accept,"I'll find your herbs."
dlg.apothecary.c_decline,"Another time."
dlg.apothecary.accepted,"Thank you. The herb grows in the wilds — look for the pale green leaves."
dlg.apothecary.c_accepted_bye,"I'll search the wilds."
dlg.apothecary.inprogress,"My shelves are still bare. Four sprigs of healing herb, when you can."
dlg.apothecary.c_inprogress_bye,"Soon."
dlg.apothecary.thanks,"With these herbs the wounded will mend. You've done more than you know — thank you."
dlg.apothecary.c_thanks_bye,"Take care of them."
dlg.elder.heart.c_offer,"You seem troubled, elder."
dlg.elder.heart.c_active,"About the warband..."
dlg.elder.heart.c_thanks,"The warband — is it broken?"
dlg.elder.heart.offer,"These raids are no accident. A warband masses in the northern wilds, and its captain means to burn us out. Cut down five of them and you break its nerve. Will you stand for the Ember Crown?"
dlg.elder.heart.c_accept,"I'll break them."
dlg.elder.heart.c_decline,"I'm not ready."
dlg.elder.heart.accepted,"Then the Flame go with you. Strike at the heart of them in the northern wilds."
dlg.elder.heart.c_accepted_bye,"It will be done."
dlg.elder.heart.inprogress,"The warband still gathers. Five of them, traveller — break their nerve."
dlg.elder.heart.c_inprogress_bye,"I'll see it through."
dlg.elder.heart.thanks,"You broke the warband. The Ember Crown will sing your name by the hearth tonight — take the smith's finest steel, you have more than earned it."
dlg.elder.heart.c_thanks_bye,"The honour was mine, elder."
# --- Phase 38E: the Ember Crown merchants become real shops ---
# Two shop names, one trade line per merchant, and Aldreth's conversation (replacing the hard-coded
# dialogue.vendor_stub). A trade choice is written in the merchant's own voice rather than as a menu verb:
# the player is asking a person to show them something, not opening a screen.
shop.ember_crown.smith.name,Bryn's Forge
shop.ember_crown.apothecary.name,Mirela's Remedies
# 38L — the Embermarket roster. Ten residents around the crossroads and two travellers.
shop.embermarket.provisions.name,Corvin's Provisions
shop.embermarket.fishmonger.name,The Netmender's Slab
shop.embermarket.weaver.name,Sable's Cloth
shop.embermarket.scriptorium.name,Quillfellow's Scriptorium
shop.embermarket.collier.name,Dunmore Charcoal
shop.embermarket.ironmonger.name,Gilda's Ironmongery
shop.embermarket.tannery.name,Perrin's Tannery
shop.embermarket.jeweller.name,Brightcut Gems
shop.embermarket.consignment.name,Vantry's Consignment
shop.embermarket.herbalist.name,Greenhand's Herbs
shop.embermarket.joiner.name,Halvard's Joinery
shop.embermarket.caravan.name,The Long Road Caravan
shop.embermarket.curios.name,Quill's Curios
dlg.smith.c_trade,"What have you got to sell?"
dlg.smith.c_commission,"Would you make something for me?"
dlg.smith.commission,"Aye — if you know the shape of it, I know the making. Leave the order on the bench there and tell me what you want. Bring your own metal and you pay only for my hands; bring none and you pay for both."
service.crossway.contracts.name,The Caravan Board
service.prompt_contracts,"{0} — see what the caravans want"
contracts.title,{0}   (E to close)
contracts.none,Nothing is posted. Come back when the carts do.
contracts.rotation,"The postings change in {0} day(s)."
# The notices above the postings (38T) — the feature's only unprompted voice. Without them a supply
# shock could only be found by walking to the counter it moved.
contracts.notices,WORD FROM THE ROADS
contracts.notice_shortage,"{0} is short of {1} — {2} day(s) yet."
contracts.notice_glut,"{0} is awash in {1} — {2} day(s) yet."
contracts.notice_fair,"A fair is on at {0} — {1} day(s) yet."
# Settlement names, for the notices. Authored per cell that can be shocked; --validate holds every
# cell with shock candidates to having one, because the notice reads "cell.ember_crown.x is short of"
# without it and a raw key on a board is a bug report waiting to happen.
cell.ember_crown.emberdeep_mine,The Emberdeep Mine
cell.ember_crown.tarn_landing,Tarn's Landing
contracts.wanted,"{0}x {1}"
contracts.deliver,Deliver
contracts.filled,Filled
contracts.reward_gold,{0}g
contracts.reward_standing,"+{0} {1}"
contract.crossway.iron_ore.name,"Ore for the Emberdeep road"
contract.crossway.coal.name,"Coal for the gate fires"
contract.crossway.smoked_fish.name,"Smoked fish out of Tarn's Landing"
contract.crossway.grain.name,"Grain for the Crossway table"
contract.crossway.charcoal.name,"Charcoal by the sack"
contract.crossway.leather.name,"Harness leather for the yard"
contract.crossway.pelts.name,"Pelts, any condition"
contract.crossway.rations.name,"Rations for the next escort"
dlg.apothecary.c_trade,"Anything left on your shelves?"
dlg.vendor_goods.speaker,"Aldreth, General Goods"
dlg.vendor_goods.root,"Aldreth straightens a row of jars across a counter with more bare wood than goods on it."
dlg.vendor_goods.c_trade,"Show me what you have."
dlg.vendor_goods.c_roads,"Trade looks thin."
dlg.vendor_goods.c_bye,"Good day to you."
dlg.vendor_goods.road_talk,"Thin is a kind word for it. The salt cart is nine days late and the last one before that came half empty, driver white as a sheet and no talk out of him. Whatever's sitting on the roads, it eats better than we do."
dlg.vendor_goods.c_roads_trade,"Let's see what's left, then."
dlg.vendor_goods.c_roads_back,"Who else still comes through?"
dlg.vendor_goods.c_roads_bye,"I'll keep an eye on the road."
# --- Phase 28A: Iron King ---
boss.challenge_prompt,"Challenge the Iron King"
# --- Phase 28C: boss UI ---
boss.name,"The Iron King"
boss.intro,"{0} bars your path."
boss.defeat,"{0} falls."
boss.phase,"Phase {0}/{1}"
# --- Phase 28D: absorb the flame ---
dlg.ironking.absorb.speaker,"The Ember Heart"
dlg.ironking.absorb.offer,"The Iron King's fire guts the air where he fell, a fragment of fallen divinity beating like a second heart. It is yours to take. Will you absorb the flame?"
dlg.ironking.absorb.c_absorb,"Absorb the flame."
dlg.ironking.absorb.c_decline,"Leave it buried."
dlg.ironking.absorb.absorbed,"Power floods you, hot and total, and somewhere far back something dims to make room for it. The bargain is struck."
dlg.ironking.absorb.declined,"You turn from it. The fire gutters, unclaimed, and the cold rushes back in to fill the dark."
dlg.ironking.absorb.c_absorbed_bye,"So be it."
dlg.ironking.absorb.c_declined_bye,"Not today."
notify.levelup,Level up!  You are now level {0}
notify.quest_started,Quest started:  {0}
notify.quest_complete,Quest complete:  {0}
notify.quest_failed,Quest failed:  {0}
notify.event_started,★ {0}
notify.event_resolved,{0} resolved!
notify.event_failed,{0} failed
event.supply_cache.name,Lost Cache
event.goblin_raid.name,Goblin Raid
event.goblin_champion.name,Goblin Champion
event.drake_champion.name,Elder Drake
event.dragon_hoard.name,Spilled Hoard
event.objective.cache,Collect the cache ({0}/{1})
event.objective.hunt,Slay the champion ({0}/{1})
event.objective.raid,Defeat the raiders ({0}/{1})
notify.autosaved,Autosaved
notify.companion_joined,{0} joins you
notify.companion_left,{0} parts ways
notify.companion_downed,{0} is down!
notify.companion_recovered,{0} is back on their feet
companion.kael.name,Kael
companion.order.follow,Following
companion.order.hold,Holding
companion.order.engage,Engaging
companion.order.downed,Down
notify.companion_order,"Order: {0}"
hud.party_hint,Orders
companion.kael.title,Shieldsworn of the Ember Crown
companion.loyalty.wary,Wary
companion.loyalty.steady,Steady
companion.loyalty.trusted,Trusted
companion.loyalty.sworn,Sworn
notify.companion_loyalty_up,"{0} trusts you more — {1}"
notify.companion_loyalty_down,"{0} trusts you less — {1}"
# --- Phase 32E: Kael the Knight ---
quest.kael.oath.title,"The Oathkeeper's Debt"
quest.kael.oath.summary,"Kael Aldemar will not take a stranger at his back. Cut down the goblins raiding the wilds and he will judge for himself what you are."
quest.kael.oath.obj,"Cut down goblins in the wilds"
quest.kael.brother.title,"What the Ash Took"
quest.kael.brother.summary,"Kael's sword-brother Toren fell in the northern wilds, and the goblins picked the Emberguard dead. Recover what they carried off."
quest.kael.brother.obj,"Recover plunder from the goblins"
dlg.kael.root,"The knight looks up from a whetstone and a blade that needs no sharpening."
dlg.kael.c_who,"Who are you?"
dlg.kael.intro,"Kael Aldemar. Last shield of the Emberguard, for whatever that's worth now. The order burned with the rest — I'm what the fire left standing."
dlg.kael.c_back,"(Say nothing.)"
dlg.kael.c_oath_offer,"You look like you're waiting for something."
dlg.kael.oath_offer,"I'm waiting to see what you do. Goblins are bleeding the roads while the guild counts coin. Cut four of them down out in the wilds. Then we'll talk about walking together."
dlg.kael.c_oath_accept,"Consider it done."
dlg.kael.c_oath_decline,"I fight for my own reasons."
dlg.kael.oath_accepted,"Good. Don't come back and tell me about it. Come back having done it."
dlg.kael.c_oath_active,"The goblins still stand."
dlg.kael.oath_active,"Then the roads still bleed. Go."
dlg.kael.c_oath_done,"Four of them. Done."
dlg.kael.oath_done,"I heard. The road's quieter than it was yesterday — that's not nothing. Say the word and my shield goes where you go."
dlg.kael.c_recruit,"Then fight beside me."
dlg.kael.recruited,"Sworn, then. Not to a crown — to you. Try not to make me regret the difference."
dlg.kael.c_already,"We already ride together."
dlg.kael.c_brother_ask,"You never talk about before."
dlg.kael.brother_offer,"Toren. My sword-brother. He held the pass at Ashfall so the rest of us could run, and the goblins picked his bones after. What they carried off is out there in their camps. I'd have it back."
dlg.kael.c_brother_accept,"I'll bring it back."
dlg.kael.c_brother_later,"Another time."
dlg.kael.brother_accepted,"Their camps are north. Take what they took."
dlg.kael.c_brother_turnin,"I found what the ash left."
dlg.kael.brother_turnin,"Show me."
dlg.kael.c_brother_reward,"(Hand him the plunder.)"
dlg.kael.brother_reward,"That's his. That's — yes. Twelve years I carried that pass, and I couldn't put it down. You reached back for a dead man you never met. I'll not forget it."
dlg.kael.c_brother_seal,"He'd have done the same."
dlg.kael.c_brother_after,"Is it enough?"
dlg.kael.brother_after,"It's enough. He's carried now. Ask me for anything."
dlg.kael.c_sworn,"Do you ever think about stopping?"
dlg.kael.sworn,"Every day. Then I look at where we're going and I think: someone has to walk in first. Might as well be the one who's already burned."
dlg.kael.c_part,"We should part ways."
dlg.kael.parted,"As you say. I'll be here, sharpening a blade that doesn't need it. Come back when you need a shield."
dlg.kael.c_part_confirm,"(Part ways.)"
dlg.kael.c_bye,"(Leave.)"
# --- Phase 33A: the prologue ---
opening.card1,"For a thousand years the world has been dying."
opening.card2,"The gods are dead. Magic fades. Dragons have gone from the skies."
opening.card3,"Seven champions were made to set it right. The Flamebearers."
opening.card4,"Six fell — to corruption, to power, to the enemy itself."
opening.card5,"You are the seventh, {0}. The last hope of Embervale, or its last ruin."
opening.skip,"{0} — skip"
opening.nameless,"Flamebearer"
# --- Phase 33B: onboarding hints ---
settings.show_tutorials,Show Tutorial Hints
tutorial.look,Move the mouse to look around
tutorial.move,"Press {0} and the surrounding keys to walk"
tutorial.sprint,"Hold {0} while moving to sprint"
tutorial.attack,"Press {0} to swing your weapon"
tutorial.block,"Hold {0} to raise your guard"
tutorial.dodge,"Press {0} to dodge"
# --- Phase 33C: the remaining verbs ---
tutorial.interact,"Look at someone and press {0} to speak or use"
tutorial.inventory,"Press {0} to open your character screen"
tutorial.journal,"Press {0} to read your quest journal"
tutorial.cast,"Press {0} to cast your prepared spell"
# --- Phase 33D: the slice stitch ---
boss.challenge_locked,"The brazier is cold. The warband still holds the north."
closing.absorbed,"The Iron King is ash, and his ember burns behind your ribs. It is warm. That is what frightens you."
closing.refused,"The Iron King is ash. You let his ember go out — and felt, for a moment, how easy it would have been not to."
closing.answer,"Far away, on a throne of ash, something older than a fallen king turns its attention towards you."
closing.next,"END OF ACT I.  Three more of the fallen hold the known realms: the Stormcrown in Frostfang, the Ashen Wilds beyond the Breach, and Sunspire past the Southmarch Gate."
dlg.elder.kael.c_ask,"The guild says you know every sword in this town."
dlg.elder.kael.ask,"Every one worth naming. Why — are you looking to share the road?"
dlg.elder.kael.c_where,"I might be."
dlg.elder.kael.where,"Then look for Kael Aldemar, in the square. Emberguard, before the Emberguard stopped being anything. He came back from Ashfall alone and he has been sharpening that blade ever since. Ask him yourself — he will not offer."
dlg.elder.kael.c_already,"He already walks with me."
dlg.elder.kael.already,"So I see. Good. He has carried that pass alone long enough — let him carry something forward instead."
dlg.elder.kael.c_bye,"(Let it rest.)"
dlg.elder.dread.c_ask,"You keep looking north like it owes you something."
dlg.elder.dread.line,"I look north because I remember. A fallen champion's fire does not simply go out when you cut them down — it looks for a new hand to hold it. I have seen a man take that warmth for himself, meaning to do good with it. We buried what was left of who he had been. If you ever stand over one of them with the choice in front of you, remember that he meant well too."
dlg.elder.dread.c_bye,"I'll remember."
# --- Phase 33D: elder conversation moved off literals (CLAUDE.md §6) ---
dlg.elder.speaker,"Village Elder"
dlg.elder.c_friend,"(Greet the elder like an old friend.)"
dlg.elder.c_thanks,"About that iron I gathered..."
dlg.elder.c_offer,"What do you need?"
dlg.elder.c_active,"I'm still searching for that iron."
dlg.elder.c_bye,"Farewell."
dlg.elder.c_accept,"I'll fetch your iron."
dlg.elder.c_decline,"Not just now."
dlg.elder.c_accepted_bye,"I'll head north."
dlg.elder.c_inprogress_bye,"I'll keep looking."
dlg.elder.c_thanks_bye,"Glad to help."
dlg.elder.c_friend_bye,"Be well, elder."
dlg.elder.c_pure,"(Clasp his hand — your heart is still your own.)"
dlg.elder.c_marked,"(He flinches at your gaze. Ask what troubles him.)"
dlg.elder.c_pure_bye,"The Flame keeps us both, elder."
dlg.elder.c_stir,"(Say nothing. Let the ember within stir.)"
dlg.elder.c_marked_bye,"It is nothing, elder. Farewell."
dlg.elder.root,"Well met, traveller. Our smith's forge runs cold — we've no iron to feed it."
dlg.elder.offer,"Three lumps of iron ore from the northern hills would set us right. Will you help?"
dlg.elder.accepted,"Bless you. The hills lie to the north — mind the goblins along the way."
dlg.elder.inprogress,"The forge still waits. Three lumps of ore — you'll find them in the hills to the north."
dlg.elder.thanks,"You brought the iron — the forge burns bright again. The village won't forget it."
dlg.elder.friend,"Good to see you again, friend. The forge runs hot, thanks to you."
dlg.elder.pure,"The elder meets your eyes and nods slowly. 'A steady soul — rarer than iron, these days. The Flame keeps you, traveller.'"
dlg.elder.marked,"'There is an ember in your gaze I do not trust — ash where the light should be. I have seen it before, and it does not end gently. Tread carefully, traveller.'"

# Phase 34.5A — the Frostfang clan hold
dlg.clan_chief.speaker,"Hjalvar Stormbound"
dlg.clan_chief.root,"A broad man in wolf-hide watches you cross his hold without rising. 'Southerner. You walked in through the cold, so you are either useful or lost.'"
dlg.clan_chief.c_who,"Who holds this place?"
dlg.clan_chief.c_tyrant,"What do the clans fear?"
dlg.clan_chief.c_bye,"I'll leave you to it."
dlg.clan_chief.c_back,"Something else."
dlg.clan_chief.who,"'The Stormbound hold it, and eight clans besides — hunters, tamers, shamans. We do not answer to your guilds and we do not sit in your councils. Out here a name is what you carry, not what you are given.'"
dlg.clan_chief.tyrant,"'Fear is a soft word. The Storm Tyrant took the high passes and calls it grief. He was a Flamebearer once, same as your Iron King. They all end the same way — certain.'"
dlg.clan_quartermaster.speaker,"Sigrun Ironhand"
dlg.clan_quartermaster.root,"She looks you over the way she'd look over a sled dog — teeth first. 'Stores are counted. Twice.'"
dlg.clan_quartermaster.c_trade,"Do the clans trade with outsiders?"
dlg.clan_quartermaster.c_bye,"Another time."
dlg.clan_quartermaster.trade,"'With outsiders who have stood a winter here, yes. You have stood an afternoon. Come back when the hold knows your name and we will talk about what is mine to give.'"
dlg.clan_quartermaster.c_trade_bye,"Fair enough."
dlg.clan_beast_tamer.speaker,"Yrsa Houndmother"
dlg.clan_beast_tamer.root,"Something large shifts in the dark behind her and settles again at a word you don't catch. 'Stand still. They judge quickly.'"
dlg.clan_beast_tamer.c_hounds,"Those aren't hounds."
dlg.clan_beast_tamer.c_beasts,"You speak to them?"
dlg.clan_beast_tamer.c_bye,"I'll keep my distance."
dlg.clan_beast_tamer.c_back,"Something else."
dlg.clan_beast_tamer.hounds,"'No. Frost-stalkers, whelped and raised. A hound obeys. These agree, for a while, and the day they stop agreeing is a day you want to be elsewhere.'"
dlg.clan_beast_tamer.beasts,"'Not the way you mean. The Sylthari sing at them and call it conversation. I feed them, I bleed for them, and I do not lie to them. That is the whole of it.'"
dlg.clan_hearthkeeper.speaker,"Old Vetle"
dlg.clan_hearthkeeper.root,"The old man feeds the fire without looking up. 'Sit or don't. The cold has no opinion either way.'"
dlg.clan_hearthkeeper.c_hold,"How old is this hold?"
dlg.clan_hearthkeeper.c_bye,"Keep warm."
dlg.clan_hearthkeeper.hold,"'Older than the Ember Crown's walls, and it was never besieged, because there was never anything here worth the march. Ask me again when your south has burned down twice.'"
dlg.clan_hearthkeeper.c_hold_bye,"I'll remember that."

# Phase 34.5C — the clan arc
dlg.clan_chief.c_work,"Is there work?"
dlg.clan_chief.work,"'There is always work. Whether it is yours is a different question.'"
dlg.clan_chief.c_kin,"Hearth-kin."
dlg.clan_chief.kin,"He does not stand, but he moves along the bench, which from him is a ceremony. 'Sit. You carried what you said you would. The hold has your name now and it will not give it back.'"
dlg.clan_chief.proving.c_offer,"Name it."
dlg.clan_chief.proving.c_active,"About the rime."
dlg.clan_chief.proving.c_thanks,"The passes are clear."
dlg.clan_chief.proving.offer,"'Rime drifts down from the high passes and cuts whoever walks into it. We step around it. That is what stepping around a thing for twenty years looks like — a hold that has stopped calling it a problem. Break four. Then we will talk about what you are.'"
dlg.clan_chief.proving.c_accept,"I'll break them."
dlg.clan_chief.proving.c_decline,"Find someone else."
dlg.clan_chief.proving.accepted,"'They do not bleed and they do not tire. Hit them until they stop being a shape.'"
dlg.clan_chief.proving.c_accepted_bye,"Understood."
dlg.clan_chief.proving.inprogress,"'Four. The passes are north of here and the cold does the counting.'"
dlg.clan_chief.proving.c_inprogress_bye,"I'm going."
dlg.clan_chief.proving.thanks,"'Cleared. Twenty years and a stranger does it in an afternoon.' He does not sound pleased, exactly. 'The hold will use your name now. Do not make us regret teaching it.'"
dlg.clan_chief.proving.c_thanks_bye,"I'll carry it."
dlg.clan_chief.hollow.c_offer,"Something else, then."
dlg.clan_chief.hollow.c_active,"About the Hollow."
dlg.clan_chief.hollow.c_thanks,"The ice is quiet."
dlg.clan_chief.hollow.offer,"'Husks. They come up through the ice where the ice is thin, and they were people once, which is the part the young ones cannot get past. Five of them. Do not look at their faces and you will be fine.'"
dlg.clan_chief.hollow.c_accept,"Five."
dlg.clan_chief.hollow.c_decline,"Not this."
dlg.clan_chief.hollow.accepted,"'Good. Yrsa will not send the stalkers after them — they will not go. That should tell you something.'"
dlg.clan_chief.hollow.c_accepted_bye,"It does."
dlg.clan_chief.hollow.inprogress,"'Still walking, are they. Then you are not finished.'"
dlg.clan_chief.hollow.c_inprogress_bye,"Not yet."
dlg.clan_chief.hollow.thanks,"'Done, and done without asking what it was worth first.' He is quiet a moment. 'You eat at the hearth from tonight. That is not a small thing and I will not say it twice.'"
dlg.clan_chief.hollow.c_thanks_bye,"Then I won't ask twice."
dlg.clan_quartermaster.c_work,"You said to come back."
dlg.clan_quartermaster.work,"'I did. And here you are, with the hold using your name like it always did.' She sets down the tally. 'So. Stores.'"
dlg.clan_quartermaster.c_back,"Something else."
dlg.clan_quartermaster.stores.c_offer,"What's short?"
dlg.clan_quartermaster.stores.c_active,"About the pelts."
dlg.clan_quartermaster.stores.c_thanks,"Your pelts."
dlg.clan_quartermaster.stores.offer,"'Pelts. Five, off whatever out there can spare them, and I do not mean the stalkers — those are Yrsa's and she counts them too. The passes close in a month and a hold that is short in a month is a hold that is short all winter.'"
dlg.clan_quartermaster.stores.c_accept,"Five pelts."
dlg.clan_quartermaster.stores.c_decline,"I've enough to carry."
dlg.clan_quartermaster.stores.accepted,"'Wolves off the ice will do. Bring them whole — I can tell when a thing was skinned in a hurry.'"
dlg.clan_quartermaster.stores.c_accepted_bye,"Whole, then."
dlg.clan_quartermaster.stores.inprogress,"'Five. I said five and the number has not moved since.'"
dlg.clan_quartermaster.stores.c_inprogress_bye,"I'm working on it."
dlg.clan_quartermaster.stores.thanks,"She weighs them the way she weighed you, and this time nods. 'Sworn to the stores, then. You are on the tally now — which means when it is short, it is partly your fault. Welcome to it.'"
dlg.clan_quartermaster.stores.c_thanks_bye,"I'll take the blame."
dlg.clan_beast_tamer.c_kin,"Hjalvar called me kin."
dlg.clan_beast_tamer.kin,"'I heard. They have not settled on you yet — but they stopped watching the door when you came through it, and that is most of the way there.'"
dlg.clan_hearthkeeper.c_sworn,"Sigrun has me on the tally."
dlg.clan_hearthkeeper.sworn,"The old man finally looks up. 'Sworn to the stores. That is the one that counts, whatever the chief says over his bench. A hold is what it has in the cellar when the passes shut.'"
dlg.clan_hearthkeeper.c_sworn_bye,"I'll keep that in mind."

# Phase 34.5C — the exile, and the branch that sells them out
dlg.clan_exile.speaker,"Halvar One-Hand"
dlg.clan_exile.root,"A man sits at a fire too far from the hold's to be an accident, warming one hand and a stump. 'Southerner. You are the first thing to walk this way in a season that was not weather.'"
dlg.clan_exile.c_who,"What happened to your hand?"
dlg.clan_exile.who,"'Hjalvar happened to it. There was a judgement, and there were eight clans in the room, and none of them was mine by the end of it.' He turns the stump to the fire. 'I do not dispute the judgement. I dispute surviving it out here.'"
dlg.clan_exile.c_work,"You want something."
dlg.clan_exile.work,"'I want the hold to be smaller. There are men in the south who want the same thing and pay for it, which makes us partners rather than friends.'"
dlg.clan_exile.c_back,"Something else."
dlg.clan_exile.c_bye,"Keep your fire."
dlg.clan_exile.c_feud,"It's done."
dlg.clan_exile.feud,"'It is. The rites are broken and the hold knows exactly whose hand did it — both of ours, and only one of us is easy to find.' He almost smiles. 'The Syndicate has your name now. That is worth more than mine and costs about the same.'"
dlg.clan_exile.proof.c_offer,"How much?"
dlg.clan_exile.proof.c_active,"About your raiders."
dlg.clan_exile.proof.c_thanks,"Three, as asked."
dlg.clan_exile.proof.offer,"'Three of their raiders. Not for the killing — for the proof. Everyone who comes to this fire says they owe the hold nothing, and every one of them walks back down to it by dark. Three, and I will believe you.'"
dlg.clan_exile.proof.c_accept,"Three, then."
dlg.clan_exile.proof.c_decline,"No. They've done nothing to me."
dlg.clan_exile.proof.accepted,"'Understand what you have agreed to. They will not forget it and there is no judgement out here to appeal to. There is only what you can carry.'"
dlg.clan_exile.proof.c_accepted_bye,"I know what I'm carrying."
dlg.clan_exile.proof.inprogress,"'Three. The patrols run the low ground by day and they do not look up.'"
dlg.clan_exile.proof.c_inprogress_bye,"It'll be done."
dlg.clan_exile.proof.thanks,"'Three, and you came back to say so.' He counts coin into the snow rather than your hand. 'The Syndicate keeps names. Yours is on a list now, and lists are the closest thing to a clan you will get south of here.'"
dlg.clan_exile.proof.c_thanks_bye,"I'll take the coin."
dlg.clan_exile.rite.c_offer,"There's more."
dlg.clan_exile.rite.c_active,"About the shamans."
dlg.clan_exile.rite.c_thanks,"The rites are broken."
dlg.clan_exile.rite.offer,"'Two shamans. Raiders are replaceable — every hold breeds more. The rites are not. Kill the storm out of them and the eight clans are eight cold camps arguing about firewood by spring.'"
dlg.clan_exile.rite.c_accept,"Two."
dlg.clan_exile.rite.c_decline,"That's further than I'll go."
dlg.clan_exile.rite.accepted,"'They call the weather down on you before they close. Do not let them finish. That is the whole of the advice I have.'"
dlg.clan_exile.rite.c_accepted_bye,"Noted."
dlg.clan_exile.rite.inprogress,"'Two. And you will hear the second one coming — they never learn not to sing.'"
dlg.clan_exile.rite.c_inprogress_bye,"Soon."
dlg.clan_exile.rite.thanks,"He listens to the wind for a while, which is only wind now. 'Twenty years I sat here waiting for that quiet. It is not what I thought it would sound like.' The coin comes anyway."
dlg.clan_exile.rite.c_thanks_bye,"You wanted it quiet."

enemy.bandit.name,Ashfall Bandit
enemy.cultist.name,Ashen Zealot
enemy.soldier.name,Fallen Soldier
enemy.syndicate_enforcer.name,Syndicate Enforcer

enemy.wolf.name,Grey Wolf
enemy.dire_wolf.name,Dire Wolf
enemy.frost_stalker.name,Frost Stalker
enemy.thornback_boar.name,Thornback Boar
enemy.grimtusk.name,Grimtusk
enemy.ashfall_elk.name,Ashfall Elk

enemy.hollow_husk.name,Hollow Husk
enemy.bone_knight.name,Bone Knight
enemy.barrow_wight.name,Barrow Wight
enemy.hollow_necromancer.name,Hollow Necromancer
enemy.grave_shade.name,Grave Shade

enemy.stone_sentinel.name,Stone Sentinel
enemy.ward_golem.name,Ward Golem
enemy.ruin_crawler.name,Ruin Crawler
enemy.cinder_wisp.name,Cinder Wisp
enemy.rime_shard.name,Rime Shard
enemy.storm_mote.name,Storm Mote
enemy.arcane_echo.name,Arcane Echo

enemy.ash_maw.name,Ash Maw
enemy.cinder_thrall.name,Cinder Thrall
enemy.ashen_prefix,Ashen {0}

# Phase 34.5B — the Frostfang clan archetypes
enemy.clan_raider.name,Frostfang Raider
enemy.clan_beast_tamer.name,Frostfang Beast-Tamer
enemy.clan_shaman.name,Frostfang Shaman

# Names for the three bespoke-factory creatures (Phase 34G — were hard-coded English)
enemy.goblin.name,Goblin
enemy.ashen_acolyte.name,Ashen Acolyte
enemy.iron_king.name,The Iron King

# Bestiary (BestiaryPanel) — the Ash Hunters' field journal
bestiary.tab_beasts,Beasts
bestiary.title,ASH HUNTERS' FIELD JOURNAL
bestiary.tab_humanoids,Humanoids
bestiary.tab_undead,Undead
bestiary.tab_constructs,Constructs
bestiary.tab_elementals,Elementals
bestiary.tab_ashen,Ashen
bestiary.tab_bosses,Flamebearers
bestiary.progress,Field Journal — {0} of {1} catalogued
bestiary.kills,slain {0}
bestiary.unknown,??? — unrecorded
bestiary.sighted,"Seen, not yet understood. {0} more to fill the page."
bestiary.corrupted,{0} of them ashen
bestiary.empty,Nothing catalogued here yet.

# Bestiary lore (Phase 34G)
enemy.goblin.lore,"Scavengers of the valley's edge, bold in numbers and cowardly alone. They have no forges of their own; every blade they carry was somebody else's first."
enemy.bandit.lore,"Ashfall's roads emptied of soldiers long before they emptied of travellers. These are the people who noticed. Fast, poorly armoured, and never encountered singly."
enemy.cultist.lore,"They call the burning a mercy. Zealots of the Fallen do not retreat, do not bargain, and do not appear to feel the fire they carry."
enemy.soldier.lore,"Armour still bearing a dead lord's colours, worn by something that no longer answers to him. They hold a shield line out of habit — the habit outlasted the man."
enemy.syndicate_enforcer.lore,"The Iron Syndicate does not send warnings. An enforcer waits without moving for as long as the contract requires, and the first sign of one is usually the last."
enemy.wolf.lore,"They do not charge. They fan wide, take the flanks, and wait for the pack-mate you turned your back on. Killing the first one teaches you nothing about the other three."
enemy.dire_wolf.lore,"Twice the mass of the pack it leads and slower for it, which matters less than you would hope. Ash Hunters price a dire wolf pelt at four ordinary ones and still consider it cheap."
enemy.frost_stalker.lore,"Frostfang's cats do not stalk so much as wait, buried to the eyes, for a week if need be. Struck first it dies easily. It is rarely struck first."
enemy.thornback_boar.lore,"Blind past ten paces and entirely uninterested in you until you are inside that ten. Then it does not stop, does not tire, and does not recognise a wound as an argument."
enemy.grimtusk.lore,"An old thornback, three-legged since some earlier argument it won at a cost. It has held the same stretch of the deadfall for longer than the lodge has stood, and it has never once followed anyone out of it."
enemy.ashfall_elk.lore,"Grazes the grey meadows where nothing else will. It runs long before it is threatened and cannot be caught on foot — the hide is worth the arrow it costs."
enemy.hollow_husk.lore,"What the Hollow Queen leaves when she is finished. It notices you late, and then it simply does not stop coming. There is no fear left in it to work with."
enemy.bone_knight.lore,"It still keeps the guard rhythm it was drilled in — up, down, up — long after the flesh that learned it went. Wait out the cycle. It cannot break the habit and it will not retreat."
enemy.barrow_wight.lore,"Lies in the ground where it was laid and does not stir for the passing. It stirs for the digging. Whatever it was buried with, it still counts as its own."
enemy.hollow_necromancer.lore,"Kill the husks and she knits them back together; kill her and they stay down. Every Ash Hunter learns this in the same order, and most learn it the wrong way round first."
enemy.grave_shade.lore,"Cold, quick and barely there — three of them will surround you before one of them touches you. Steel finds them, which is the only mercy in it."
enemy.stone_sentinel.lore,"Set to guard something by a civilisation that has been dust for an age. It has not been relieved, so it is still on duty. The wind-up before it swings is long enough to read, and that is the whole fight."
enemy.ward_golem.lore,"Bound to a doorway rather than a master. Arcane force slides off it — a fact worth knowing before you commit to a spell — and it will come apart before it will step aside."
enemy.ruin_crawler.lore,"Small, fast, and never alone. Best understood as the ruin's immune response: individually trivial, collectively how expeditions end."
enemy.cinder_wisp.lore,"A knot of live fire that answers to nothing. Fighting one with flame is a lesson most only need once — it drinks what it is made of."
enemy.rime_shard.lore,"It does not chase. It freezes the ground you were going to stand on and waits for you to arrive there anyway."
enemy.storm_mote.lore,"Its lightning does not stop at the first target. Fight one at a distance from your companions, or fight it twice."
enemy.arcane_echo.lore,"Not a creature so much as a spell that outlived its caster and kept the intent. It wards itself unprompted, and it strips whatever ward you were relying on."
enemy.ash_maw.lore,"A beast the corruption took whole. Whatever it used to be knew when to run; this does not. The Ash Hunters count it as game, but only just."
enemy.cinder_thrall.lore,"A Fallen who kept enough of themselves to cast and lost everything else. The lifedrain it works on you is the same rite the Marked are offered — it simply accepted first."
enemy.ashen_acolyte.lore,"The lesser Fallen: robed, smouldering, and convinced. It throws fire because fire is all it has left to say."
enemy.iron_king.lore,"The First Flamebearer. He was given the ember to save the world and concluded that a world worth saving would have to be held still to do it. He is not wrong about the danger. He is wrong about everything after."

enemy.clan_raider.lore,"Shield, axe, and a patience the south mistakes for slowness. A raider will let you walk past a dozen times; the clans count a stranger's crossings before they count his coin. Start something and you learn what the shield was for."
enemy.clan_beast_tamer.lore,"She hunts the way her stalkers do — wide, quiet, and never quite where you looked. The beasts are not commanded so much as agreed with, which is worse: cross her and there is no order to countermand."
enemy.clan_shaman.lore,"The clans do not pray to Nyth. They listen to the weather and answer it, and what answers back is cold enough to stop a heart mid-beat. She mends her own before she ever turns the storm on you."

# Phase 35A — dragons. The Ash and Ancient variants get their own entries in 35E/35F.
enemy.wild_dragon.name,Wild Dragon
enemy.wild_dragon.lore,"Older than the guilds, older than the Sundering, and entirely uninterested in either. A wild dragon claims a stretch of mountain and defends it against everything that walks — no cause, no bargain, no god. The Ash Hunters' advice is one line long: it turns slowly."

# Phase 35E — the Ash dragon. Its own creature, not a corrupted Wild one (see LORE "Ash Dragons").
enemy.ash_dragon.name,Ash Dragon
enemy.ash_dragon.lore,"What Morthul makes of a dragon. It does not hoard, it does not claim a mountain, it does not care that you are there — it simply keeps going until the ground behind it is grey. The Hunters have no advice for this one. There is no safe side."

# Phase 35F — the Ancient dragon. The one creature in the bestiary the player can talk to.
enemy.ancient_dragon.name,Vharyx the Unspoken
enemy.ancient_dragon.lore,"There were never many, and there are fewer now. An Ancient does not hoard gold or hold a mountain; it holds words, which is the only thing left worth keeping from before the gods died. It will talk to you. That is not the same as it being safe, and the Ash Hunters would like it noted that the last party to test the difference is still up there."
spell.elder_word.name,Elder Word
quest.ancient.kin.title,"What Is Wearing My Kin"
quest.ancient.kin.summary,"The Ancient in the northern aerie will not go east itself. It says the thing in the ash roost was a dragon once, and that this is the sort of errand younger, shorter-lived things are for."
quest.ancient.kin.obj,"Kill the Ash dragon in the eastern roost"
quest.ash_hunters.grimtusk.title,"The Deadfall Print"
quest.ash_hunters.grimtusk.summary,"Halda Rieve has been casting the same print for four nights running: something heavy, favouring three legs, working the deadfall east of the lodge. Find what it is before you decide what to do about it."
quest.ash_hunters.grimtusk.obj_scrape,"Read the scraped bark in the deadfall"
quest.ash_hunters.grimtusk.obj_wallow,"Read the wallow in the deadfall"
quest.ash_hunters.grimtusk.obj_debrief,"Tell Halda Rieve what you found"
quest.ash_hunters.grimtusk.obj_kill,"Deal with Grimtusk, if that is the judgment"
quest.ash_hunters.grimtusk.obj_report_kill,"Bring word of the kill to Fell Ardan"
quest.ash_hunters.grimtusk.obj_report_spare,"Tell Halda Rieve the den is marked"
dlg.ancient.speaker,Vharyx
dlg.ancient.root,"The head comes down slowly, until one eye is level with you and considerably larger. 'You climbed all of that to look at me. Speak, then, small thing, and be interesting about it.'"
dlg.ancient.c_what,"What are you?"
dlg.ancient.what,"'Old. That is the whole of it, and it took a very long time. I was here when the sky had gods in it and I was here the morning it did not. Your kind writes that down as an age. I remember it as weather.'"
dlg.ancient.c_knowledge,"They say your kind keeps what the world forgot."
dlg.ancient.knowledge,"'Keeps. Yes. Not guards — nothing has come for it in eight hundred years. The Weave thins and your casters shout louder to be heard through it, and none of them think to ask the thing that learned to speak before the thinning started. So: keeps. Like a cellar keeps wine no one drinks.'"
dlg.ancient.c_mark,"You are staring at me."
dlg.ancient.mark,"'I am looking at what is in you. I have seen that grey before, on my own kin, in the east. It does not stop, you understand. It is not a wound. It is an opinion the world is having about you, and it wins arguments slowly.'"
dlg.ancient.c_bye,"Leave."
dlg.ancient.c_back,"Something else."
dlg.ancient.kin.c_offer,"Is there something you want?"
dlg.ancient.kin.offer,"'East of here, past the hold, something is sleeping in a roost that used to belong to a dragon. It still has the shape. Morthul is thorough about shapes. I will not go — I have watched enough of my kin become that, and I will not be the one who ends this one. You are younger. You have fewer things to remember afterward. Kill it.'"
dlg.ancient.kin.c_accept,"I will do it."
dlg.ancient.kin.accepted,"'Then go while you still think it is a favour to me. Take the cold seriously and the ash more so. It breathes rot, not fire — whatever you wore against my western cousin will not help you.'"
dlg.ancient.kin.c_accepted_bye,"Leave."
dlg.ancient.kin.c_decline,"No."
dlg.ancient.kin.c_active,"The thing in the east still lives."
dlg.ancient.kin.inprogress,"'I know. I would feel it stop. Go back down, or stay and talk — I have had centuries of practice at waiting and you have not.'"
dlg.ancient.kin.c_inprogress_bye,"Leave."
dlg.ancient.kin.c_done,"It is dead."
dlg.ancient.kin.done,"The great head turns aside for a long moment. 'I felt it. Thank you is a small word and I have not needed it in some time, so you will have the other kind of payment. There is one word I have never given away. It is not a spell your teachers could sell you; there is no one alive to sell it.'"
dlg.ancient.kin.c_learn,"Teach me."
dlg.ancient.kin.taught,"It speaks, once, quietly, and the air between you disagrees about being air. When your ears work again the word is simply there, sitting behind your teeth, patient. 'Now there are two of us who know it. Do not be careless with the only copy.'"
dlg.ancient.kin.c_taught_bye,"Leave."
dlg.ancient.kin.c_done_bye,"Leave."

# Phase 35G — the frost drake: the dragon you can meet by accident.
enemy.frost_drake.name,Frost Drake
enemy.frost_drake.lore,"A dragon that never finished becoming one. Drakes do not fly, do not hoard and do not talk; they hold a stretch of snow and breathe cold at anything crossing it. The Ash Hunters rate them the most dangerous thing in the Reach that is not worth a song, and lose people to them every winter for exactly that reason."
dlg.ancient.kin.c_already,"It is already dead. I found the east roost before I found you."
# 38L — the ten Embermarket merchant conversations. Each is dialogue.vendor_goods's shape:
# a ShopOpen-gated trade line, a ShopClosed line that puts the closing time in the merchant's
# own mouth, and one talk node carrying a beat of what the economy arc is about to build.
dlg.corvin.speaker,"Corvin, Provisioner"
dlg.corvin.root,"A broad man in a flour-dusted apron sets down a tray of loaves without looking at it. ""Morning. Bread's fresh, ration's honest, and I don't sell anything I wouldn't eat."""
dlg.corvin.talk,"""Busier? Aye, it was. Two seasons back you couldn't cross this square without turning sideways."" He shrugs. ""Carts come south slower now, and dearer, and the folk who mind that most are the ones with nothing to sell but bread."""
dlg.corvin.closed,"The trays are covered and the shutter is down. Corvin is somewhere behind it, asleep, and has been since the light went."
dlg.corvin.c_trade,"Let's see what you have."
dlg.corvin.c_closed,"Anything left?"
dlg.corvin.c_talk,"Square seems quiet."
dlg.corvin.c_bye,"Another time."
dlg.corvin.c_talk_trade,"I'll take some of that bread."
dlg.corvin.c_talk_back,"Let me ask something else."
dlg.corvin.c_talk_bye,"I'll let you work."
dlg.hana.speaker,"Hana Netmender"
dlg.hana.root,"A woman with forearms like cable slaps a split fish onto the slab. ""You're early enough to matter. Come back after noon and you're buying yesterday."""
dlg.hana.talk,"""Tarn's Landing sends what it can, when the road lets it."" She wipes the blade. ""There's talk of the wharf down at Hollowreach selling cheaper. There's always talk. Cheaper fish usually means somebody didn't pay the toll."""
dlg.hana.closed,"The slab is scrubbed white and the ice is a puddle. Hana is long gone; she trades at dawn or not at all."
dlg.hana.c_trade,"What's good today?"
dlg.hana.c_closed,"Anything left on the slab?"
dlg.hana.c_talk,"Where does the catch come from?"
dlg.hana.c_bye,"Good day to you."
dlg.hana.c_talk_trade,"I'll take some before it's gone."
dlg.hana.c_talk_back,"Something else."
dlg.hana.c_talk_bye,"Understood."
dlg.sable.speaker,"Sable, Weaver"
dlg.sable.root,"Bolts of cloth stand on end behind the counter like a rank of soldiers. ""Linen, wool, and one red I'd not sell to just anyone. Look, don't finger."""
dlg.sable.talk,"""That red is madder, fixed with alum, and it costs what it costs."" She turns a bolt to the light. ""Every banner over this town started that colour. They go rose in a year and pink in three, and nobody replaces them any more, which tells you more about the Ember Crown than I'd care to say aloud."""
dlg.sable.closed,"The bolts are sheeted over against the damp and the shutter is barred from inside."
dlg.sable.c_trade,"Show me the cloth."
dlg.sable.c_closed,"Are you still trading?"
dlg.sable.c_talk,"Tell me about the red."
dlg.sable.c_bye,"I'll leave you to it."
dlg.sable.c_talk_trade,"I'll buy a length of it."
dlg.sable.c_talk_back,"Something else, then."
dlg.sable.c_talk_bye,"Thank you."
dlg.tam.speaker,"Tam Quillfellow"
dlg.tam.root,"A narrow man looks up over a pair of cracked spectacles, one finger keeping his place. ""Books. Copies of books. Copies of copies, if you're not particular."""
dlg.tam.talk,"""There's a treatise under this counter I don't show strangers."" He does not look at where it is. ""The Veiled Archive would rather it had stayed in the Archive. I'd rather know who I'm handing it to. Come back when the town knows your name."""
dlg.tam.closed,"The stall is shuttered and a chain runs through the handles. A card in the gap reads: BACK AT NINE."
dlg.tam.c_trade,"What are you selling?"
dlg.tam.c_closed,"Are you open?"
dlg.tam.c_talk,"Anything you don't put on the shelf?"
dlg.tam.c_bye,"Another time."
dlg.tam.c_talk_trade,"Show me what you will sell."
dlg.tam.c_talk_back,"Let me ask something else."
dlg.tam.c_talk_bye,"I'll earn it, then."
dlg.ash.speaker,"Ash Dunmore, Collier"
dlg.ash.root,"Everything about him is grey except his hands, which are black to the wrist. ""Charcoal, pitch, and whatever ore comes my way. Mind the sacks, they mark."""
dlg.ash.talk,"""Every forge in this town burns what I cut, and none of them think about it twice."" He coughs. ""There's a mine east of here they say is opening again. Emberdeep. If it does, I'll be buying ore by the cartload and you'll be able to tell, because the price of everything iron will fall through the floor."""
dlg.ash.closed,"The stall is a tarpaulin over a heap of sacks, roped down and unattended. Dunmore burns his kilns at night."
dlg.ash.c_trade,"What have you got?"
dlg.ash.c_closed,"Are you trading?"
dlg.ash.c_talk,"Who buys all this?"
dlg.ash.c_bye,"Good luck with the kilns."
dlg.ash.c_talk_trade,"I'll take some charcoal."
dlg.ash.c_talk_back,"Something else."
dlg.ash.c_talk_bye,"I'll watch for it."
dlg.gilda.speaker,"Gilda Ironmonger"
dlg.gilda.root,"Iron bar is stacked to the counter's edge in graded rows. ""I don't forge. I buy, I sell, and I know to the ounce what's in front of you. Bryn's up the hill if you want it beaten into something."""
dlg.gilda.talk,"""Stall's mine, the stock isn't - not all of it."" She raps the counter. ""Half of what you see I hold on somebody else's coin, and I pay for the privilege. Anyone with money to put down and the sense to leave it down would find me a good deal more generous about what I keep in the back."""
dlg.gilda.closed,"The bar stock is under a locked grille. A slate reads: SEVEN TILL SEVEN. NO CREDIT."
dlg.gilda.c_trade,"Show me the stock."
dlg.gilda.c_closed,"Still open?"
dlg.gilda.c_talk,"Is the stall yours?"
dlg.gilda.c_bye,"I'll come back."
dlg.gilda.c_talk_trade,"Let's trade, then."
dlg.gilda.c_talk_back,"Something else."
dlg.gilda.c_talk_bye,"I'll bear it in mind."
dlg.perrin.speaker,"Perrin the Tanner"
dlg.perrin.root,"The smell arrives before the stall does. ""Hides, strips, and a cap or two. If you've been out in the wilds and come back with anything skinned, I'm the best price in the realm and I'll not pretend otherwise."""
dlg.perrin.talk,"""Month of work in a single sheet, that."" He holds a hide up and lets the light through it. ""Scraped, limed, cured, and every step of it something you can ruin. Folk think a tanner buys hides. A tanner buys a month and sells it back to you flat."""
dlg.perrin.closed,"The frames are empty and the vats are covered. Whatever is curing under those lids will keep until seven."
dlg.perrin.c_trade,"Let's trade."
dlg.perrin.c_closed,"Are you buying?"
dlg.perrin.c_talk,"How much work is in one?"
dlg.perrin.c_bye,"I'll be off."
dlg.perrin.c_talk_trade,"Then let me see them."
dlg.perrin.c_talk_back,"Ask something else."
dlg.perrin.c_talk_bye,"Fair enough."
dlg.nessa.speaker,"Nessa Brightcut"
dlg.nessa.root,"Cloth-of-grey under glass, and on it four stones arranged with more care than most people give a meal. ""Don't breathe on the sapphires."""
dlg.nessa.talk,"""Everyone in this market thinks they know what their goods are worth."" She does not look up from the loupe. ""They know what they were paid last time. Those are different numbers and the difference is my living."" She taps the brass scales at the end of her counter without looking at them. ""Put your pack on those and I'll tell you what every piece of it is worth and who'll pay it. No charge. I'd rather you sold in the right place than came back telling me the market's crooked."""
dlg.nessa.closed,"The glass is empty and the cloth is folded. Nessa keeps banker's hours and makes no apology for it."
dlg.nessa.c_trade,"Let me see the stones."
dlg.nessa.c_closed,"Are you open yet?"
dlg.nessa.c_talk,"You sound sure of yourself."
dlg.nessa.c_bye,"Later, then."
dlg.nessa.c_talk_trade,"Then show me what you have."
dlg.nessa.c_talk_back,"Something else."
dlg.nessa.c_talk_bye,"I'll remember that."
dlg.odo.speaker,"Odo Greenhand"
dlg.odo.root,"Bundles hang drying from every strut of the stall, and the man beneath them is half hidden by them. ""Careful of your head. Everything here was alive this week."""
dlg.odo.talk,"""Mirela up in the square brews. I walk."" He grins, missing a tooth. ""She'll not go past the wall for a leaf and I'll not stand over a pot for six hours, so between us the town gets its remedies. Emberbloom only opens when the ash falls, which means the days I earn most are the days nobody else wants to be outside."""
dlg.odo.closed,"The bundles are in and the stall is a bare frame. Odo is out past the wall somewhere, or asleep."
dlg.odo.c_trade,"What's dried and ready?"
dlg.odo.c_closed,"Are you here?"
dlg.odo.c_talk,"You and the apothecary both?"
dlg.odo.c_bye,"Mind yourself out there."
dlg.odo.c_talk_trade,"I'll buy what you've gathered."
dlg.odo.c_talk_back,"Something else."
dlg.odo.c_talk_bye,"Good hunting."
dlg.halvard.speaker,"Halvard, Joiner"
dlg.halvard.root,"Planks lean in a fan against the stall post, and a half-made crate sits on the counter with the pegs still proud. ""Timber, or things made of timber. Take your pick."""
dlg.halvard.talk,"""You've a holding of your own, I hear."" He taps the crate. ""Then you'll want more than planks. I sell the kits whole - crate, stand, brazier, bench - packed flat and pegged, so you carry them home and set them down where you like. Beats standing at a workbench for an afternoon, unless you enjoy that. Some do."""
dlg.halvard.closed,"The plank fan is chained to the post and the counter is bare. Halvard works to the light and the light has gone."
dlg.halvard.c_trade,"Show me the timber."
dlg.halvard.c_closed,"Still working?"
dlg.halvard.c_talk,"What else do you make?"
dlg.halvard.c_bye,"Another day."
dlg.halvard.c_talk_trade,"Let me see the kits."
dlg.halvard.c_talk_back,"Something else."
dlg.halvard.c_talk_bye,"I'll think on it."
travel.ember_crown.emberdeep_mine.name,The Emberdeep Mine
shop.emberdeep.factor.name,The Emberdeep Ore Factor
shop.emberdeep.quartermaster.name,The Emberdeep Company Store
dlg.bregan.speaker,"Bregan Holt"
dlg.bregan.root,"He is weighing a sack of ore against a counterweight and does not look up. ""Iron, coal, copper if you're quick. It comes out of the ground twenty feet behind you, so don't tell me what it's worth."""
dlg.bregan.talk,"""Every cart that leaves here is worth three times what I'm paid for it by the time it reaches a market stall."" He sets the weight down. ""That's the trade, apparently. I dig it, somebody with a cart gets rich, and I get to hear about the price of bread."""
dlg.bregan.closed,"The weighing shed is shuttered and the scales are chained. A board reads: FIVE TILL SEVEN. NO ORE SOLD AFTER DARK."
dlg.bregan.c_trade,"What's on the pile?"
dlg.bregan.c_closed,"Any chance you're still weighing?"
dlg.bregan.c_talk,"Doesn't sound like a good deal for you."
dlg.bregan.c_bye,"Another time."
dlg.bregan.c_talk_trade,"Show me the ore, then."
dlg.bregan.c_talk_back,"Something else."
dlg.bregan.c_talk_bye,"I'll leave you to it."
dlg.marta.speaker,"Marta Quill"
dlg.marta.root,"The store is one long counter and a wall of empty shelves. ""If you're carrying food, I'm buying, and I'll pay better than anyone in the valley. If you're carrying ore, so is everyone."""
dlg.marta.talk,"""Nothing grows in a hole in the ground."" She taps the ledger. ""Every loaf, every sack of grain, every block of salt on this mountain came up that road on somebody's back, and I pay for the walk as well as the bread. Bring me a cartload and I'll make it worth the blisters."""
dlg.marta.closed,"The shutters are down and the ledger is locked in the strongbox. A chalked line reads: SIX TILL EIGHT."
dlg.marta.c_trade,"What are you buying?"
dlg.marta.c_closed,"Are you open?"
dlg.marta.c_talk,"Why pay over the odds for bread?"
dlg.marta.c_bye,"Good day."
dlg.marta.c_talk_trade,"Then let's deal."
dlg.marta.c_talk_back,"Something else."
dlg.marta.c_talk_bye,"I'll remember that."
travel.ember_crown.tarn_landing.name,Tarn's Landing
shop.tarn.curer.name,Wenna's Curing Sheds
shop.tarn.chandler.name,The Landing Chandlery
dlg.mirelle.speaker,"Mirelle Vantry"
dlg.mirelle.root,"A long counter, an empty shelf behind it, and a ledger open at a page of names. ""I don't buy. Understand that first and we'll get on."""
dlg.mirelle.talk,"""Every stall on this square can only pay you what's in their box that morning. I'm not paying you at all — I'm selling it for you, to somebody with deeper pockets than anyone here, and I take my eighteen out of what it fetches."" She taps the ledger without looking down. ""Three days. Then the counter behind me, not me. I keep the book; Halder keeps the coin. That way neither of us can be robbed of both."""
dlg.mirelle.closed,"The shelf is under a sheet and the ledger is locked. A card in the glass reads: LISTINGS TAKEN NINE TILL SIX. COLLECTIONS ANY HOUR AT THE COUNTER."
dlg.mirelle.c_trade,"What will you take?"
dlg.mirelle.c_closed,"Are you taking anything?"
dlg.mirelle.c_talk,"Why would I wait three days?"
dlg.mirelle.c_bye,"Another time."
dlg.mirelle.c_talk_trade,"Then here's what I have."
dlg.mirelle.c_talk_back,"Something else."
dlg.mirelle.c_talk_bye,"I'll think on it."
dlg.wenna.speaker,"Wenna Tarn"
dlg.wenna.root,"She is splitting an eel without looking at it. ""Fresh off the boats, salted if you're travelling, roe if you've the coin. Say which and be quick, it's half gone already."""
dlg.wenna.talk,"""Everything you can see, we pull out of that water."" She nods at the tarn. ""Everything else comes up the road, when the road lets it. Salt, rope, cloth, hooks — we buy the lot, and we pay what we're asked, because what else are we going to do?"""
dlg.wenna.closed,"The curing sheds are shuttered and the racks are bare. A board reads: BOATS OUT AT FOUR. FISH GONE BY TWO."
dlg.wenna.c_trade,"What's on the racks?"
dlg.wenna.c_closed,"Anything left?"
dlg.wenna.c_talk,"Quiet place."
dlg.wenna.c_bye,"I'll leave you to it."
dlg.wenna.c_talk_trade,"Let's see the catch."
dlg.wenna.c_talk_back,"Something else."
dlg.wenna.c_talk_bye,"Fair enough."
dlg.odger.speaker,"Odger Vane"
dlg.odger.root,"Coils of tarred rope hang to the roof beam. ""Cordage, cloth, pitch, hooks. If it holds a boat together I sell it, and if you've any to spare I'll buy it off you before you've finished asking."""
dlg.odger.talk,"""Don't bring me fish."" He says it before you can. ""Wenna's forty feet up the beach and she'll give you a better price than I would, because I've no earthly use for it. Bring me rope. Bring me cloth, iron, anything that burns. That I'll pay well for, and I mean well."""
dlg.odger.closed,"The chandlery is locked and the rope is under a tarpaulin. A chalked board reads: SIX TILL SEVEN."
dlg.odger.c_trade,"What are you selling?"
dlg.odger.c_closed,"Still trading?"
dlg.odger.c_talk,"I've fish, if you're buying."
dlg.odger.c_bye,"Another time."
dlg.odger.c_talk_trade,"Rope it is, then."
dlg.odger.c_talk_back,"Something else."
dlg.odger.c_talk_bye,"Noted."
# HOLLOWREACH (Phase 38O) — the wharf, its two fences and the travel node. The prose is hand-written;
# only the dialogue graphs were generated. Neither fence ever uses the word "contraband": Sedge talks
# around it and Coyle does not care enough to, and between them the player learns what the place is
# without a tutorial line being written.
travel.ember_crown.hollowreach.name,Hollowreach
shop.hollowreach.hull.name,The Wet Hull
shop.hollowreach.locker.name,The Longshore Locker
dlg.sedge.speaker,"Sedge Marrow"
dlg.sedge.root,"She does not get up. ""You came a long way in the dark, so I'll assume you didn't come for the view. Small things. Bright things. Things with no paper on them. That's the whole of my trade and I'd thank you not to widen it."""
dlg.sedge.talk,"""Up the hill they'll tell you every stone has a register entry and every fur has a warden's mark."" She turns a stone over without looking at it. ""Down here we take the ones that don't. It pays better than it should, and it costs you with the sort of people who keep registers. You'll feel that at their counters soon enough — it's not a rumour, it's arithmetic."""
dlg.sedge.closed,"The Wet Hull sits dark and low against the jetty, hatches pegged shut. Somebody has chalked on the boards: AFTER DUSK. NOT BEFORE."
dlg.sedge.c_trade,"Show me what you'll take."
dlg.sedge.c_closed,"Anyone aboard?"
dlg.sedge.c_talk,"Who else deals down here?"
dlg.sedge.c_bye,"Another night."
dlg.sedge.c_talk_trade,"Then let's talk arithmetic."
dlg.sedge.c_talk_back,"Something else."
dlg.sedge.c_talk_bye,"I'll think on it."
dlg.coyle.speaker,"Coyle Ferrin"
dlg.coyle.root,"He kicks a crate straight and grins at you over it. ""Whatever's in the pack, friend. Furs, cloth, pitch, iron, and the other sort — I don't sort it and I don't ask. I pay less than she does and I pay it now."""
dlg.coyle.talk,"""Sedge'll tell you she's discreet. She is. I'm not, and I'm cheaper for it."" He shrugs. ""Sell through me and half the coast hears about it by morning, and the folk up the hill hear it by noon. You want quiet, walk to the hull. You want it gone, it's gone now."""
dlg.coyle.closed,"The locker is open. It is always open."
dlg.coyle.c_trade,"What'll you give me?"
dlg.coyle.c_closed,"You ever shut?"
dlg.coyle.c_talk,"Why so cheap?"
dlg.coyle.c_bye,"Not today."
dlg.coyle.c_talk_trade,"Gone now, then."
dlg.coyle.c_talk_back,"Something else."
dlg.coyle.c_talk_bye,"I'll keep walking."
service.crossway.mercenary.name,Wren Halloway
service.prompt_mercenary,"{0} — take her on ({1} gold)"
service.prompt_mercenary_hired,"{0} — she already walks with you"
service.prompt_mercenary_full,"{0} — you have no room in your band for her"
companion.wren.name,Wren
companion.tessa.name,Tessa Rill
companion.tessa.title,Hull-hand of Hollowreach
companion.wren.title,Sword of the Crossway Road
dlg.innkeeper.speaker,"Innkeeper Holt"
dlg.innkeeper.root,"Holt is drying the same cup he was drying an hour ago. ""Rooms upstairs, ten gold, and the shutters actually close."""
dlg.innkeeper.talk,"""Half the trade that comes through here sleeps in the yard to save the coin, and half of those come down with something by the week's end."" He sets the cup on the rack and picks up another. ""I've had Flamebearers in that upstairs room before. Two of them. Neither slept much either."""
dlg.innkeeper.c_use,"A room for the night."
dlg.innkeeper.c_talk,"Quiet in here."
dlg.innkeeper.c_bye,"Another time."
dlg.innkeeper.c_talk_use,"Then I'll take the room."
dlg.innkeeper.c_talk_back,"Something else."
dlg.innkeeper.c_talk_bye,"Sleep can wait."
dlg.innkeeper.word.c_offer,"You look like a man short of something."
dlg.innkeeper.word.offer,"""Barrels. Six of them, every month, up from Hollowreach on Coyle's cart, and this month nothing came and nobody sent word."" He puts the cup down properly for once. ""I'd go myself, but the day I shut this room is the day the trade sleeps in the yard again. Walk down and ask Sedge Marrow whether I'm owed barrels or owed an apology."""
dlg.innkeeper.word.c_accept,"I'll go down and ask her."
dlg.innkeeper.word.c_decline,"Find another pair of legs."
dlg.innkeeper.word.accepted,"""Hollowreach is south and low, past the market and down. You'll smell it before you see it."" He picks the cup back up. ""Sedge keeps a hull on the water and an answer for everything. Get the first one out of her."""
dlg.innkeeper.word.c_accepted_bye,"South and down. Understood."
dlg.innkeeper.word.c_active,"Still walking to Hollowreach."
dlg.innkeeper.word.inprogress,"""Still here, then."" He does not look up. ""The barrels are still not."""
dlg.innkeeper.word.c_inprogress_bye,"I'm going."
dlg.innkeeper.word.c_thanks,"I spoke to Sedge."
dlg.innkeeper.word.thanks,"""And?"" He listens to the whole of it without drying anything, which from Holt is a standing ovation. ""Right. Then I'm owed barrels and an apology, and I'll have both."" He counts coin onto the bar. ""That's for the walk. The shutters still close, if you want the room."""
dlg.innkeeper.word.c_thanks_bye,"Another time."
dlg.wren.speaker,"Wren Halloway"
dlg.wren.root,"She has a boot up on a cart-wheel and a whetstone working the length of a steel blade, and she does not stop for you. ""Guard work. Five hundred, and I'm yours until you tell me otherwise."""
dlg.wren.talk,"""Caravans east, caravans west, and both of them pay me to walk beside something slower than I am."" The whetstone rasps twice more before she looks up. ""I'm not swearing you anything. You want an oath, there's a lad in the town square who gives those away. You want someone who's been north of the gate and come back, that's five hundred gold and my own kit."""
dlg.wren.c_use,"Five hundred, then."
dlg.wren.c_talk,"Why are you sitting out here?"
dlg.wren.c_bye,"Not today."
dlg.wren.c_talk_use,"Take the coin."
dlg.wren.c_talk_back,"Something else."
dlg.wren.c_talk_bye,"I'll think on it."
service.hollowreach.bones.name,The Dockside Bones
service.prompt_wager,"{0} — throw for it ({1} gold, {2} left today)"
service.prompt_wager_spent,"{0} — you have had your throws today"
notify.shock_relieved,"Word spreads: the {0} shortage has broken."
notify.wager_won,"The bones fall your way at {0}. {1} gold."
notify.wager_lost,"{0} takes your {1} gold."
# Mounts (Phase 39A). The whistle is one key for two verbs, so the toast is what tells the player
# which one happened. "Not owned" names the stablemaster rather than the flag: a refusal that does not
# say where to fix it reads as a broken key.
mount.summoned,"You whistle, and the horse comes."
mount.remounted,You swing up into the saddle.
mount.dismissed,"You swing down. The horse waits where you left it."
mount.not_owned,You have no mount. The Ember Crown Stables sell one.
mount.exhausted,"The horse is blown — it drops to a walk, whatever you ask of it."
water.too_deep,"The water deepens past your waist. Any further and it will take your feet."
world.recovered,You struggle back to safer ground.
mount.refuses_water,The horse balks at the deep water.
mount.refuses_drop,The horse shies from the drop.
# World map (Phase 39.5A) — screen furniture
map.search_placeholder,Search people, trades, places
map.search_none,Nothing discovered matches that.
map.info_header,SELECTED
map.info_none,Select a marker to read about it.
map.filters_header,FILTERS
map.legend_header,LEGEND
map.legend_player,You
map.legend_waypoint,Your waypoint
map.show_all,Show all
map.hide_all,Hide all
map.reset,Reset
map.zoom_in,Zoom in
map.zoom_out,Zoom out
map.center_player,Centre on me
map.reset_view,Reset view
map.waypoint_clear,Clear waypoint
map.hint,Drag to pan  ·  wheel to zoom  ·  right-click to mark a spot
map.waypoint_distance,Waypoint: {0} m {1}
map.distance,{0} m {1}
map.distance_here,You are here.
map.trade_header,TRADE
map.service_header,SERVICE
map.service_price,{0} ({1}g)
map.npc_header,KEPT BY
# World map — compass points (MapDistance)
map.dir.north,north
map.dir.northeast,north-east
map.dir.east,east
map.dir.southeast,south-east
map.dir.south,south
map.dir.southwest,south-west
map.dir.west,west
map.dir.northwest,north-west
# World map — marker groups (shape) and categories (glyph)
map.group.settlement,Settlements
map.group.trade,Trade
map.group.service,Services
map.group.exploration,Exploration
map.group.travel,Travel
map.group.personal,Yours
map.category.capital,Capital
map.category.town,Town
map.category.village,Village
map.category.outpost,Outpost
map.category.camp,Camp
map.category.wilds,Wilds
map.category.smith,Smith
map.category.merchant,Merchant
map.category.alchemist,Alchemist
map.category.provisioner,Provisioner
map.category.outfitter,Outfitter
map.category.jeweller,Jeweller
map.category.scriptorium,Scriptorium
map.category.inn,Inn
map.category.bank,Vault
map.category.stable,Stable
map.category.trainer,Trainer
map.category.contracts,Contracts
map.category.crafting,Crafting
map.category.arena,Arena
map.category.mine,Mine
map.category.dungeon,Dungeon
map.category.landmark,Landmark
map.category.gate,Gate
map.category.waystone,Waystone
map.category.home,Holding
map.category.waypoint,Waypoint
# --- Phase 41B: the ledger run (Sedge -> Tessa -> Embermarket) and the north-road hold ---
dlg.sedge.c_ledger,"Sending anything up the road this week?"
dlg.sedge.ledger,"The season's ledger, and I will not put it in a stranger's hands. Tessa knows the road, but she is one girl with a satchel and the goblins have been bold. Walk up with her."
dlg.sedge.c_ledger_accept,"She will get there."
dlg.sedge.c_ledger_decline,"Find someone else."
dlg.sedge.ledger_go,"Tessa! The market, with this one. Stay at their shoulder and do not wander."
dlg.sedge.c_ledger_go,"Come on then."
dlg.sedge.c_ledger_resume,"Tessa should walk with me."
dlg.tessa.speaker,Tessa Rill
dlg.tessa.root,"Wharf to market and back before dusk, that is the whole of it. I am right behind you."
dlg.tessa.c_hold,"Stay close."
dlg.tessa.c_bye,"Keep up."
dlg.tessa.arrived,"That is the ledger where it belongs. Sedge will hear you did it properly."
dlg.tessa.c_part,"Safe road back."
dlg.guild_board.c_hold_offer,"Anything on the north road?"
dlg.guild_board.hold,"A cart wants the north road clear for a minute together. Not swept. Held. Stand in the wilds north of the walls and be immovable for sixty seconds."
dlg.guild_board.c_hold_accept,"I will hold it."
dlg.guild_board.c_hold_decline,"Not my work."
dlg.guild_board.hold_accepted,"North of the walls. A full minute on your feet."
dlg.guild_board.c_hold_accepted_bye,"Understood."
dlg.guild_board.c_hold_active,"About the north road."
dlg.guild_board.hold_inprogress,"The cart is still waiting. So is the road."
dlg.guild_board.c_hold_inprogress_bye,"On my way."
dlg.guild_board.c_hold_thanks,"The road is held."
dlg.guild_board.hold_thanks,"The cart came through. The warband remembers who stood there."
dlg.guild_board.c_hold_thanks_bye,"Good."
# --- Phase 41C: the sealed tally (Coyle -> the Emberdeep waystone, unseen, against a clock) ---
dlg.coyle.c_tally_offer,"Anything going up the north road?"
dlg.coyle.tally,"A month of figures in a sealed tin, due at the mine waystone before the shift changes. Quick, and quiet. If the goblins take an interest in you they take an interest in the tin."
dlg.coyle.c_tally_accept,"Before the shift. Quietly."
dlg.coyle.c_tally_decline,"Send it with someone else."
dlg.coyle.tally_accepted,"Then go. Do not stop to be brave about anything."
dlg.coyle.c_tally_accepted_bye,"On my way."
dlg.coyle.c_tally_active,"About your tin."
dlg.coyle.tally_inprogress,"Still here? It is a waystone, not a wedding. Go north."
dlg.coyle.c_tally_inprogress_bye,"Going."
dlg.coyle.c_tally_thanks,"Your figures are set."
dlg.coyle.tally_thanks,"Set, and nobody the wiser. That is the whole trick of it."
dlg.coyle.c_tally_thanks_bye,"Any time."

# --- BEGIN generated map location names (tools/gen_map_locations.py) ---
location.ember_crown.town.name,Ember Crown
location.ember_crown.town.desc,"The seat of the realm. Its square holds the smith, the apothecary and the inn; the guild board stands at the south road."
location.ember_crown.waystone.name,Ember Crown Waystone
location.ember_crown.smith.name,The Iron Anvil
location.ember_crown.goods.name,The Long Counter
location.ember_crown.apothecary.name,The Green Retort
location.ember_crown.inn.name,The Ember Rest
location.ember_crown.trainer.name,The Trainer's Yard
location.ember_crown.stable.name,The Ember Crown Stable
location.ember_crown.vault.name,The Ember Crown Vault
location.ember_crown.guild_board.name,The Guild Board
location.ember_crown.commission.name,The Order Bench
location.ember_crown.traveller.name,The Wandering Trader
location.ember_crown.crafting.name,The Crafting Yard
location.shrine.solaryn.name,Shrine of Solaryn
location.embermarket.market.desc,"Rows of stalls under awnings, a plaza at the north end, and the realm's densest run of trades — twelve merchants between the aisles and the forecourt."
location.embermarket.provisions.name,Corvin's Provisions
location.embermarket.fishmonger.name,Hana's Slab
location.embermarket.weaver.name,Sable's Loom
location.embermarket.scriptorium.name,Tam's Scriptorium
location.embermarket.collier.name,The Collier's Stall
location.embermarket.ironmonger.name,Gilda's Ironmongery
location.embermarket.tannery.name,Perrin's Tannery
location.embermarket.jeweller.name,Nessa's Bench
location.embermarket.herbalist.name,Odo's Herbs
location.embermarket.joiner.name,Halvard's Joinery
location.embermarket.consignment.name,Mirelle's Consignment
location.embermarket.caravan.name,Sera's Caravan
location.embermarket.curios.name,Quill's Curios
location.embermarket.collect.name,The Collection Desk
location.embermarket.appraisal.name,The Brightcut Scales
location.embermarket.board.name,The Market Notice
location.shrine.nyth.name,Shrine of Nyth
location.crossway.post.desc,"The wardens' post on the road between the realms. Nothing crosses here without the toll, a permit, or a word with the man at the side of the gate."
location.crossway.waystone.name,Crossway Waystone
location.crossway.board.name,The Caravan Board
location.crossway.permit.name,The Warden's Desk
location.crossway.bribe.name,The Gate Hand
location.crossway.search.name,The Search Table
location.crossway.impound.name,The Impound Counter
location.crossway.mercenary.name,The Hiring Post
location.shrine.tharos.name,Shrine of Tharos
location.emberdeep.mine.desc,"Ore out of the hill and food in at any price. The factor sells the realm's cheapest metal; the quartermaster pays its best coin for a full pack of provisions."
location.emberdeep.waystone.name,Emberdeep Waystone
location.emberdeep.factor.name,The Factor's Office
location.emberdeep.quartermaster.name,The Quartermaster's Store
location.tarn.landing.desc,"A jetty, a smokehouse and a chandlery on the tarn's edge."
location.tarn.waystone.name,Landing Waystone
location.tarn.curer.name,Wenna's Smokehouse
location.tarn.chandler.name,Odger's Chandlery
location.shrine.elyndra.name,Shrine of Elyndra
location.hollowreach.reach.desc,"Boat-builders and salvagers in the low ground, and a bones table that will take your coin on a throw."
location.hollowreach.waystone.name,Hollowreach Waystone
location.hollowreach.hull.name,Sedge's Hull Works
location.hollowreach.locker.name,Coyle's Locker
location.hollowreach.bones.name,The Bones Table
location.ashfall.homestead.name,Ashfall Homestead
location.ashfall.homestead.desc,"A farmstead on the ash flats east of the city, with a bed for anyone caught out after dark."
location.ashfall.bed.name,The Ashfall Bed
location.shrine.veyra.name,Shrine of Veyra
location.ember_crown.arena.name,The Ember Arena
location.ember_crown.arena.desc,"A ring of tiered stone at the far end of the realm, under the Emberspire."
location.shrine.drakar.name,Shrine of Drakar
location.wilds.north.name,The Northern Wilds
location.wilds.north.desc,"Forested upland west of the Kingsway. Goblins range here."
location.wilds.west.name,The Western Wilds
location.wilds.west.desc,"The corrie in the western ridge above the Tarn."
location.wilds.grimtusk_den.name,Grimtusk's Den
location.wilds.grimtusk_den.desc,"A well-worn stretch of the deadfall, marked with scraped bark and a wallow. Something has held it a long time."
location.ember_crown.southmarch_gate.name,The Southmarch Gate
location.ember_crown.southmarch_gate.desc,"The broken border gate at the end of the old caravan road south."
location.ember_crown.iron_citadel.name,The Iron Citadel
location.ember_crown.iron_citadel.desc,"The Iron King's fortress on the spur above the capital, seen from every road into the Crown."
location.ember_crown.ashen_breach.name,The Ashen Breach
location.ember_crown.ashen_breach.desc,"A burnt cut through the eastern hills where the old road to the Ashen Wilds went."
location.crossway.watch.name,The Wardens' Watch
location.hollowreach.ledger.name,The Ledger House
location.hollowreach.mark.name,Corran's Hideaway
location.wilds.lodge.name,The Deadfall Lodge
location.embermarket.annexe.name,The Annexe
location.emberdeep.undercroft.name,The Undercroft
location.frostfang.clan_hold.name,The Frostfang Clan Hold
location.frostfang.clan_hold.desc,"Longhouses banked against the wind, and the clan that keeps them."
location.frostfang.waystone.name,Clan Hold Waystone
location.frostfang.glacier.name,The Glacier
location.frostfang.glacier.desc,"Blue ice and meltwater in the pass north of the hold."
location.frostfang.glacier_waystone.name,Glacier Pass Waystone
location.frostfang.stormcrown.name,Stormcrown
location.frostfang.stormcrown.desc,"A storm-blasted spire in the north-east high passes. The clans do not go there."
location.frostfang.dragon_roost.name,The Dragon Roost
location.frostfang.ash_roost.name,The Ash Roost
location.frostfang.ancient_aerie.name,The Ancient Aerie
location.sunspire.wells.name,Saffra Wells
location.sunspire.wells.desc,"The caravan town at the oasis, the only sure water between the Southmarch Gate and the south."
location.sunspire.waystone.name,Saffra Wells Waystone
location.sunspire.caravanserai.name,The Caravanserai
location.sunspire.library.name,The Great Library
location.sunspire.library.desc,"The Veiled Archive's great library, the last reading hall of a city the sand took."
location.sunspire.mission.name,The Crimson Mission
location.sunspire.mission.desc,"The Crimson Prophet's seat: a chapel of his worshippers and the walled sanctum where he preaches."
location.sunspire.caravan_gap.name,The Caravan Gap
location.sunspire.caravan_gap.desc,"The one gap in the northern escarpment, where the road from the Southmarch Gate comes in."
location.ashen.last_hearth.name,Last Hearth
location.ashen.last_hearth.desc,"Survivors of the Breach, dug in by the scar road: two roofless houses, a tent line and one fire."
location.ashen.scavenger.name,Tobin's Salvage
location.ashen.station.name,The Ash Hunters' Station
location.ashen.station.desc,"The Ash Hunters' field station on the rise above the scar road, watching the plateau."
location.ashen.beast_lair.name,The Beast Lord's Plateau
location.ashen.beast_lair.desc,"A levelled shelf under the northern wall where the Fourth Flamebearer holds his ground."
location.pale.landing.name,The Still Quay
location.pale.city.name,Vesperhold
location.pale.city.desc,"The preserved city, kept in perfect repair at an evening that never ends."
location.pale.palace.name,The Hollow Court
location.pale.palace.desc,"The Hollow Queen's palace at the end of the processional way."
location.celestial.landing.name,The Landing
location.celestial.landing.desc,"The one terrace at the realm's edge that still holds a whole floor. The way home stands behind it."
location.celestial.knight_gate.name,The Knight's Gate
location.celestial.knight_gate.desc,"The last gate before the throne, at the far end of the only bridge over the void."
location.celestial.ash_throne.name,The Ash Throne
location.celestial.ash_throne.desc,"The highest dais in the ruined heaven. Someone must always sit upon it."
# --- END generated map location names ---
# --- Phase 41D: the branching barrels errand (quest.hollowreach.barrels) ---
quest.hollowreach.barrels.title,"What the Post Took"
quest.hollowreach.barrels.summary,"Holt's barrels never left the realm — the Crossway post pulled them off a cart and put them in the impound shed. Sedge Marrow knows two ways they come out again, and only one of them has your name written down anywhere."
quest.hollowreach.barrels.obj_post,"Go up to the Crossway impound"
quest.emberbound.summons.title,"A Quiet Word"
quest.emberbound.summons.summary,"Someone in the Emberdeep pit already knows what you carried out of the Iron King's hall. Find out who, and why they've been watching."
quest.emberbound.summons.obj_seeker,"Speak with whoever's been watching you in the Emberdeep pit"
quest.hollowreach.barrels.obj_wren,"Settle the barrels with Wren Halloway"
quest.hollowreach.barrels.obj_landing,"Go down to the Tarn Landing chandlery"
quest.hollowreach.barrels.obj_odger,"Have Odger Vane move the barrels quietly"
dlg.sedge.c_barrels,"Holt's barrels. Where did they go?"
dlg.sedge.barrels,"""They went where everything goes."" She sets the stone down. ""The post pulled the cart at the Crossway and the barrels are in the impound shed with a number chalked on them. Now. There is a clerk's way and there is my way. The clerk's way is you walk up there, you give Halloway the manifest, you pay what they say the duty is, and the barrels come out with your name in a book that never gets thrown away. My way is Odger Vane at the Landing has a boat and no paperwork, and by the third night the barrels are on Holt's floor and nobody wrote anything down at all."""
dlg.sedge.c_barrels_declare,"I'll take the manifest up to the post."
dlg.sedge.c_barrels_hush,"Tell Vane to fetch them."
dlg.sedge.c_barrels_off,"I'll think about which of us I am."
dlg.sedge.barrels_declare,"""The honest road."" She does not say it unkindly. ""Halloway holds the impound key on the post's coin, and she is exactly as bribable as the coin is good, which is to say not very. Take the number, pay the duty, and be pleasant. The book will remember you, and one day that will be worth something or it will cost you, and neither of us gets to know which."""
dlg.sedge.c_barrels_declare_go,"Give me the number."
dlg.sedge.barrels_hush,"""The other road."" Now she does look up. ""Vane runs cordage and pitch up that coast twice a week and nobody has ever asked him to open a crate, because nobody up the hill can imagine wanting what a chandler carries. Walk down to the Landing and say the barrels are red-chalked. He'll know the rest. And you will owe me a quiet mouth, which I collect in kind."""
dlg.sedge.c_barrels_hush_go,"Red-chalked. Understood."
dlg.sedge.c_after_declared,"The barrels came out of the shed."
dlg.sedge.after_declared,"""So they did, with a duty stamp and your name under it."" She turns the stone over. ""I don't hold it against you. I hold it in mind, which is a different shelf, and nothing on that shelf ever comes back down. You'll buy what everybody buys."""
dlg.sedge.c_after_hushed,"Nobody wrote anything down."
dlg.sedge.after_hushed,"""Nobody did."" She reaches under the bench and moves something forward on it without showing you what. ""There's a shelf here I keep for people who have already proved they can be dull about it. You're on it now. Don't make me take you off."""
interact.shrine.pray,"Offer a prayer at {0}"
interact.shrine.unavailable,"The shrine is silent"
notify.blessing_received,"Blessing received: {0}"
notify.shrine_already_visited,"The blessing at {0} already rests with you."
shrine.solaryn.name,"Shrine of Solaryn"
blessing.solaryn.name,"Lightbearer's Guard"
shrine.veyra.name,"Shrine of Veyra"
blessing.veyra.name,"Veyra's Mercy"
shrine.tharos.name,"Shrine of Tharos"
blessing.tharos.name,"Edict of Stone"
shrine.nyth.name,"Shrine of Nyth"
blessing.nyth.name,"Nyth's Insight"
shrine.drakar.name,"Shrine of Drakar"
blessing.drakar.name,"Drakar's Resolve"
shrine.elyndra.name,"Shrine of Elyndra"
blessing.elyndra.name,"Elyndra's Ward"
# Shrine refusals (41.5C). One line per god, not a shared template: the refusal is the only
# moment these six speak, and a system message would waste it. Thresholds live in the .tres and
# sit on tier boundaries -- Solaryn/Tharos refuse from Marked (40), Nyth/Elyndra from Ashbound
# (60), Veyra/Drakar only at Embers (80).
shrine.solaryn.refusal,"The light does not reach you. Solaryn turns away."
shrine.veyra.refusal,"Veyra would heal you still, but there is more ash in you now than blood."
shrine.tharos.refusal,"Tharos keeps no law that bends for what you are becoming."
shrine.nyth.refusal,"Nyth withholds. Some things are known only by those who can survive knowing them."
shrine.drakar.refusal,"Drakar honours strength, not ruin. Come back with a will of your own."
shrine.elyndra.refusal,"The balance tilts where you stand. Elyndra will not add her weight to it."

# ── Phase 42B: the five guild hubs and their officers ───────────────────────────────────────────
# Scaffolds from tools/gen_guild_dialogue.py; every line below is hand-written. Each officer has a
# NEUTRAL root hail and two greetings, and exactly one greeting is ever offered — the member branch
# is Condition 14 (GuildRankAtLeast, rank 0) and the stranger branch is Condition 15 (GuildNotMember).
# ⚠️ Nothing here names a guild.* flag. Those are derived by GuildRules from the faction id, and a
# flag written into authored text is the string two files have to agree about forever.

# The Dawnwardens — the Wardens' Watch, at the Crossway Post.
dlg.dawnwarden_captain.speaker,"Captain Aldric Fenn"
dlg.dawnwarden_captain.root,"He is reading the gate ledger by the door of the keep, and he finishes the line he is on before he looks up."
dlg.dawnwarden_captain.member,"""You're on my book, so I'll say it plainly: we are twelve on a road that needs forty, and the north end of it is worse every month. Stand your watches. Don't let anyone tell you the wall is the point. The people behind it are."""
dlg.dawnwarden_captain.stranger,"""Wardens' Watch. We hold the road so the valley can pretend it doesn't need holding."" He closes the ledger over one finger. ""If you're passing, pay the toll and go. If you're something else, I'll know soon enough — I generally do."""
dlg.dawnwarden_captain.c_member,"Reporting, Captain."
dlg.dawnwarden_captain.c_stranger,"What is this place?"
dlg.dawnwarden_captain.c_bye,"Nothing, Captain."
dlg.dawnwarden_captain.c_back,"Something else."
dlg.dawnwarden_captain.c_end,"I'll leave you to the book."
dlg.dawnwarden_armourer.speaker,"Maera Colt"
dlg.dawnwarden_armourer.root,"Mail is spread across the bench in front of her, and she is going along it ring by ring with a pair of pliers."
dlg.dawnwarden_armourer.member,"""Anything of ours that comes back broken comes back to me, so I'd rather you didn't break it."" She sets down the pliers. ""Ask for what you need and I'll find it. Ask for what you'd LIKE and we'll be here all evening."""
dlg.dawnwarden_armourer.stranger,"""This bench is the Watch's, and so is everything on it."" She does not stop working. ""There's a smith in the town who'll sell to anyone. I fit out wardens."""
dlg.dawnwarden_armourer.c_member,"What's in the stores?"
dlg.dawnwarden_armourer.c_stranger,"Do you sell any of that?"
dlg.dawnwarden_armourer.c_bye,"Never mind."
dlg.dawnwarden_armourer.c_back,"Something else."
dlg.dawnwarden_armourer.c_end,"Back to your rings, then."
dlg.dawnwarden_serjeant.speaker,"Serjeant Rook Danhal"
dlg.dawnwarden_serjeant.root,"He has the duty board under one arm and the look of a man who has been interrupted twice already."
dlg.dawnwarden_serjeant.member,"""Good. The captain writes the orders and I hand them out, which means I'm the one who hears about it when they go badly."" He taps the board. ""There'll be work on here for you. There always is."""
dlg.dawnwarden_serjeant.stranger,"""Duty board. Warden business."" He turns it away from you, then reconsiders. ""Unless you mean to make it yours. We're twelve on a road that needs forty, and the north end gets worse every month. Take the oath or don't - I've no patience for half a conversation."""
dlg.dawnwarden_serjeant.joined,"""Good."" Something in his shoulders lets go, just slightly. ""Go find Bram Corrow, out by the well. He made rank the hard way, and he's the one who tells you what the oath actually costs - before the captain does."""
dlg.dawnwarden_serjeant.refused,"""Fair enough."" He doesn't push it. ""The door doesn't lock. Come back when it looks different to you."""
dlg.dawnwarden_serjeant.ranked,"""Corrow tells me you held the corrie and didn't lose your head after. That's the job, more than any of this."" He taps the board once, like a period at the end of a sentence."
dlg.dawnwarden_serjeant.c_member,"Anything on the board?"
dlg.dawnwarden_serjeant.c_stranger,"Is that work for hire?"
dlg.dawnwarden_serjeant.c_bye,"Carry on, Serjeant."
dlg.dawnwarden_serjeant.c_back,"Something else."
dlg.dawnwarden_serjeant.c_end,"I'll not keep you."
dlg.dawnwarden_serjeant.c_join,"I'll take the oath."
dlg.dawnwarden_serjeant.c_refuse,"Not for me."
dlg.dawnwarden_serjeant.c_joined_end,"I'll find him."
dlg.dawnwarden_serjeant.c_refused_end,"Might be."
dlg.dawnwarden_serjeant.c_ranked,"How's Corrow's recruit doing?"
dlg.dawnwarden_partner.speaker,"Bram Corrow"
dlg.dawnwarden_partner.root,"He's re-stringing a bow by the well, unhurried about it, like a man who's learned patience costs less than it looks like it does."
dlg.dawnwarden_partner.stranger,"""Guild business,"" he says, not looking up. ""Talk to Danhal if you want in. I've got nothing for you until then."""
dlg.dawnwarden_partner.member,"He sets the bow down. ""Warden."" It still sounds like he's trying the word out on someone else."
dlg.dawnwarden_partner.probation,"""There's a party working the western corrie above the Tarn - travelers, maybe worse, nobody's sure yet. We hold them off, that's simple enough. What happens after isn't."" He looks at you steady. ""Some of us bring the wounded home and let the Tarn deal with its own. Some of us bring them back here and let the guild decide what they're owed. I've done it both ways. Which one are you?"""
dlg.dawnwarden_partner.rescue_go,"""Home, then."" He nods once, like it's the answer he'd have given himself. ""Hold the corrie till it's quiet. I'll be waiting on the road after."""
dlg.dawnwarden_partner.expedient_go,"""Here, then."" His face doesn't change, but he takes a moment before he answers. ""Hold the corrie till it's quiet. Don't lose anyone bringing them in."""
dlg.dawnwarden_partner.probation_active,"""Corrie's still that way,"" he says, nodding west. ""Hold it. The rest comes after."""
dlg.dawnwarden_partner.after,"He sets the bow across his knees and waits for you to say it."
dlg.dawnwarden_partner.after_rescue,"""Word from Tarn is they're settled,"" he says. ""Whatever this cost you, they'll never know your name for it. That's usually how it goes."""
dlg.dawnwarden_partner.after_expedient,"""They're processed,"" he says, and doesn't elaborate. ""The captain's satisfied. Whether you are is your business, not the guild's."""
dlg.dawnwarden_partner.c_member,"How's the corrie?"
dlg.dawnwarden_partner.c_stranger,"What do you do here?"
dlg.dawnwarden_partner.c_bye,"Later, then."
dlg.dawnwarden_partner.c_back,"Something else."
dlg.dawnwarden_partner.c_end,"Understood."
dlg.dawnwarden_partner.c_probation,"What's the work?"
dlg.dawnwarden_partner.c_probation_active,"Still working on it."
dlg.dawnwarden_partner.c_after,"About the corrie -"
dlg.dawnwarden_partner.c_fork_rescue,"Get them home. That's the job."
dlg.dawnwarden_partner.c_fork_expedient,"Bring them here. Let the guild answer for it."
dlg.dawnwarden_partner.c_probation_decline,"Not today."
dlg.dawnwarden_partner.c_rescue_go,"Understood."
dlg.dawnwarden_partner.c_expedient_go,"Understood."
dlg.dawnwarden_partner.c_claim_rescue,"It's done. I got them home."
dlg.dawnwarden_partner.c_claim_expedient,"It's done. I brought them in."
quest.dawnwardens.probation.title,"Probation"
quest.dawnwardens.probation.summary,"Hold the western corrie against whatever is working it, then decide what becomes of the ones you take."
quest.dawnwardens.probation.obj_defend,"Hold the corrie above the Tarn"
quest.dawnwardens.probation.obj_rescue,"Escort the survivors home to Tarn Landing"
quest.dawnwardens.probation.obj_expedient,"Bring the survivors in to the Wardens' Watch"

# Phase 42D — the Dawnwardens' command arc and payoff.
dlg.dawnwarden_partner.c_command,"You said there'd be more."
dlg.dawnwarden_partner.c_command_active,"Still on it."
dlg.dawnwarden_partner.c_command_after,"About the warrant -"
dlg.dawnwarden_partner.c_command_iron_alive,"Go on."
dlg.dawnwarden_partner.c_command_iron_defeated,"Go on."
dlg.dawnwarden_partner.command,"He waits until you're both alone by the well before he says anything."
dlg.dawnwarden_partner.command_offer_alive,"""Warrant-rider out of the Citadel. Iron King's own seal, if you believe the wax."" He spits, once, off to the side. ""Wants Sella Ru handed over for questioning about a granary fire at Tarn's Landing. Doesn't want to say what happens to her after. I want her here, talking to Danhal, before he decides for her."""
dlg.dawnwarden_partner.command_offer_defeated,"""Warrant-rider, seal and all, still riding on a dead king's authority because nobody's told the Citadel clerks to stop stamping it."" He shakes his head. ""Wants Sella Ru handed over for questioning about a granary fire at Tarn's Landing. I want her here, talking to Danhal, before some clerk decides for her instead."""
dlg.dawnwarden_partner.c_command_accept,"I'll bring her in myself."
dlg.dawnwarden_partner.c_command_decline,"Not my fight."
dlg.dawnwarden_partner.command_recruited,"Sella falls in beside you without a word, one hand still knotted in her shawl. Bram nods toward the road north. ""Watch's this way. Mind the patrol - the warrant-rider's men have been leaning on travelers all week."""
dlg.dawnwarden_partner.c_command_start,"Understood."
dlg.dawnwarden_partner.command_active,"""Get her to the Watch,"" he says. ""Whatever's waiting on the north road after that, hold it."""
dlg.dawnwarden_partner.command_after,"""She gave her account. Danhal's got it in writing now, which is more than the warrant-rider bargained for."" He almost smiles. ""You held the road too. That's a warden's work, not a probationer's - I've told the captain as much."""
dlg.dawnwarden_partner.c_finale,"About the warrant-rider -"
dlg.dawnwarden_partner.c_finale_active,"Still deciding?"
dlg.dawnwarden_partner.c_finale_done,"It's settled, one way or another."
dlg.dawnwarden_partner.finale,"""He's back, and this time it's signed by someone who outranks Danhal."" Bram's voice is flat. ""Fold the Watch under Citadel command, or the Citadel declares us in default of it - which they're already calling treason, in the part of the order they didn't read aloud. Someone has to answer him. That's you, now."""
dlg.dawnwarden_partner.c_finale_fork_service,"We hold the corrie. Ourselves, this time."
dlg.dawnwarden_partner.c_finale_fork_authority,"We fold. Hand them the accused and keep the Watch standing."
dlg.dawnwarden_partner.c_finale_decline,"Not yet."
dlg.dawnwarden_partner.finale_service_go,"""Then we hold it. Properly, this time - not a rescue, a stand."" He checks the edge of his blade like it matters more than it does. ""The corrie above the Tarn. If they want the people there, they go through us first."""
dlg.dawnwarden_partner.c_finale_service_start,"Let's go."
dlg.dawnwarden_partner.finale_authority_go,"He doesn't argue with you, which is somehow worse than if he had. ""Bring them to the Watch, then. I'll tell Danhal what's coming."""
dlg.dawnwarden_partner.c_finale_authority_start,"Understood."
dlg.dawnwarden_partner.finale_active,"""You know which way you chose,"" he says. ""See it through."""
dlg.dawnwarden_partner.finale_done,"He's waiting by the well again, like the first day, except he isn't re-stringing anything now."
dlg.dawnwarden_partner.c_claim_service,"We held the corrie. Nobody went through us."
dlg.dawnwarden_partner.c_claim_authority,"It's done. The Watch stands. The rest is the Citadel's business now."
dlg.dawnwarden_partner.finale_done_service,"""Word's already out along the north road,"" he says. ""A warden order that stood a line for people with no seal and no rank. Might be the most Dawnwarden thing anyone's done in years. Might also be the last time the Citadel asks us nicely."""
dlg.dawnwarden_partner.finale_done_authority,"""The Watch is still standing, and that was the point,"" he says, not quite meeting your eye. ""The Citadel's satisfied. I keep telling myself that's the job."""

companion.dawnwarden_witness.name,"Sella Ru"
companion.dawnwarden_witness.title,"Witness, Tarn's Landing"
dlg.dawnwarden_witness.speaker,"Sella Ru"
dlg.dawnwarden_witness.root,"She walks with her arms crossed tight over her shawl, flinching at every sound off the treeline that isn't a footstep."
dlg.dawnwarden_witness.c_hold,"Stay close."
dlg.dawnwarden_witness.c_bye,"Not yet."
dlg.dawnwarden_witness.arrived,"""The Watch."" She lets her arms drop for the first time since Tarn's Landing. ""I can talk to the Serjeant myself from here."""
dlg.dawnwarden_witness.c_part,"Safe now. Go on."

quest.dawnwardens.command.title,"A Signed Warrant"
quest.dawnwardens.command.summary,"An Iron Citadel warrant-rider wants Sella Ru handed over for a fire she only witnessed. Get her to the Wardens' Watch to give her account, then hold the north road against whatever answers that."
quest.dawnwardens.command.obj_escort,"Escort Sella Ru to the Wardens' Watch"
quest.dawnwardens.command.obj_defend,"Hold the north road"

quest.dawnwardens.finale.title,"Whose Order"
quest.dawnwardens.finale.summary,"The Citadel wants the Wardens folded under its command or declared in default of it. Decide what the Dawnwardens are before someone else decides it for them."
quest.dawnwardens.finale.obj_service,"Hold the corrie above the Tarn - yourselves, this time"
quest.dawnwardens.finale.obj_authority,"Bring the accused to the Wardens' Watch"

dlg.dawnwarden_serjeant.c_finale_state,"How's the Watch, since the warrant?"
dlg.dawnwarden_serjeant.c_finale_state_service,"And the corrie?"
dlg.dawnwarden_serjeant.c_finale_state_authority,"And the accused?"
dlg.dawnwarden_serjeant.finale_state,"""Since the warrant, patrols have been asking after you by name,"" Danhal says. ""Which one you want to hear about."""
dlg.dawnwarden_serjeant.finale_state_service,"""Patrols out that way ride heavier now - two wardens instead of one, and they stop for anyone standing in the road."" He allows himself something close to a smile. ""The Citadel hasn't sent another rider. I don't expect that's over."""
dlg.dawnwarden_serjeant.finale_state_authority,"""Patrols out that way check papers twice now, where they used to check once."" He doesn't quite meet your eye either. ""The Citadel hasn't sent another rider. I don't expect that's a reward."""

dlg.dawnwarden_captain.c_finale_state,"And the Watch, under you?"
dlg.dawnwarden_captain.c_finale_state_service,"After the corrie?"
dlg.dawnwarden_captain.c_finale_state_authority,"After the warrant?"
dlg.dawnwarden_captain.finale_state,"""The Citadel still writes to me like I answer to it,"" Fenn says. ""I let the clerks think what they like. Ask what you came to ask."""
dlg.dawnwarden_captain.finale_state_service,"""We stood a line the Citadel didn't authorize, and the roof is still on this Watch."" He says it like a fact he's still testing the weight of. ""Recruitment's up. So is the correspondence asking why I haven't been recalled."""
dlg.dawnwarden_captain.finale_state_authority,"""We kept the Watch standing by giving the Citadel what it asked for."" He holds your gaze a moment too long before looking away. ""I won't pretend that cost nothing. I will say it's still standing."""

# The Iron Syndicate — the Ledger House, at Hollowreach.
dlg.syndicate_broker.speaker,"Broker Ilder Vance"
dlg.syndicate_broker.root,"He is standing in the doorway out of the damp with a folded contract in his hand, and he looks at you the way he would look at a figure in a column."
dlg.syndicate_broker.member,"""Our arrangement stands, which is more than most people in this district can say about anything."" He unfolds the contract and folds it again. ""Terms, payment, and an ending everybody agreed to in advance. That is the whole of our creed and I have never needed a longer one."""
dlg.syndicate_broker.stranger,"""The Ledger House. We take work, we finish work, we are paid for work."" The contract goes into his coat. ""No one here will ask you to believe in anything. It is restful, once you get used to it."""
dlg.syndicate_broker.c_member,"Anything moving?"
dlg.syndicate_broker.c_stranger,"What do you deal in?"
dlg.syndicate_broker.c_bye,"Not now."
dlg.syndicate_broker.c_back,"Something else."
dlg.syndicate_broker.c_end,"Good day, broker."
dlg.syndicate_fixer.speaker,"Dallow Grieve"
dlg.syndicate_fixer.root,"He is sitting on a crate with a tally stick and a stub of chalk, and he keeps counting while you stand there."
dlg.syndicate_fixer.member,"""Whatever the work needs, I can get. Whatever the work leaves over, I can lose."" He blows chalk dust off the stick. ""Both of those are the same job and only one of them is written down."""
dlg.syndicate_fixer.stranger,"""I count crates for a man who counts contracts."" The chalk does not stop. ""If you're after something you can buy in a market, go to a market."""
dlg.syndicate_fixer.c_member,"What have you got?"
dlg.syndicate_fixer.c_stranger,"What's in the crates?"
dlg.syndicate_fixer.c_bye,"Nothing."
dlg.syndicate_fixer.c_back,"Something else."
dlg.syndicate_fixer.c_end,"Keep counting."

# The Ash Hunters — the Deadfall Lodge, under the scarp in the northern wilds.
dlg.hunter_master.speaker,"Huntmaster Yrsa Kesk"
dlg.hunter_master.root,"She is under the lodge roof with a field book open on her knee, and she marks her place with a thumb before she answers."
dlg.hunter_master.member,"""You're one of mine, so you already know the rule and I'll say it again anyway: the kill is the smallest part of it."" She turns the book toward you — a drawing, a measurement, a date. ""What you knew before you drew the bow is what I'll judge you on."""
dlg.hunter_master.stranger,"""The Deadfall. We track what comes down out of the wilds and we write down what we learn about it."" The book closes. ""Most people who find this place are looking for a trophy. We are not a trophy hall."""
dlg.hunter_master.c_member,"What's in the book?"
dlg.hunter_master.c_stranger,"Who keeps a lodge out here?"
dlg.hunter_master.c_bye,"Nothing, Huntmaster."
dlg.hunter_master.c_back,"Something else."
dlg.hunter_master.c_end,"I'll leave you to it."
dlg.hunter_skinner.speaker,"Fell Ardan"
dlg.hunter_skinner.root,"He is working a hide over a frame with short, even strokes, and the smell of the racks is on everything."
dlg.hunter_skinner.member,"""Bring me what you take and I'll make it worth carrying. Bring me what you were given and I'll know."" He runs a thumb along the grain. ""Hide remembers how the animal died. So do I."""
dlg.hunter_skinner.stranger,"""Racks are the lodge's. Hides are the lodge's."" He does not look over. ""There's a curer down at the Landing who'll take anything off anyone. I won't."""
dlg.hunter_skinner.c_member,"What can you make me?"
dlg.hunter_skinner.c_stranger,"Would you work a hide for me?"
dlg.hunter_skinner.c_bye,"Another time."
dlg.hunter_skinner.c_back,"Something else."
dlg.hunter_skinner.c_end,"Back to the frame."
dlg.hunter_skinner.c_grimtusk_report,"About the deadfall boar."
dlg.hunter_skinner.grimtusk_report,"He runs a hand along the hide you bring in, unhurried. ""Old wound on the foreleg, half-healed and scarred hard — that's your three-legged track, and it explains the temper. Clean kill, by the look of it. Halda will want to know that part as much as the rest."""
dlg.hunter_skinner.c_grimtusk_credit,"Then I'm one of yours properly now."
dlg.grimtusk_scrape.root,"Bark stripped shoulder-high in a ragged band, on the uphill side of the trunk only. Whatever did it favours one side — the same side, going by the wear, every time it's come through here."
dlg.grimtusk_scrape.c_close,"Note it."
dlg.grimtusk_wallow.root,"A wallow churned into the black earth, wide enough for something heavy, and a print at its rim gone soft at the edges — old, but not old enough to have washed out in this year's rain. Three-legged, like Halda said. The fourth print never sets."
dlg.grimtusk_wallow.c_close,"Note it."
dlg.hunter_tracker.speaker,"Halda Rieve"
dlg.hunter_tracker.root,"She is crouched at the edge of the lodge floor with a cast of something's foot in front of her, and she turns it a quarter-turn as you come up."
dlg.hunter_tracker.member,"""Something big came through the deadfall four nights ago and went back up the scarp on three legs."" She sets the cast down. ""That's the shape of the work here. It starts with a print and it ends a long way from one."""
dlg.hunter_tracker.stranger,"""Wouldn't stand on that side, you're in the light."" She shifts the cast out of your shadow. ""Ask me about it when you've a reason to know."""
dlg.hunter_tracker.c_member,"What's moving out there?"
dlg.hunter_tracker.c_stranger,"What is that?"
dlg.hunter_tracker.c_bye,"Nothing."
dlg.hunter_tracker.c_back,"Something else."
dlg.hunter_tracker.c_end,"I'll get out of your light."
dlg.hunter_tracker.c_recruit_ask,"Give me a reason, then."
dlg.hunter_tracker.recruit,"""Fair enough."" She sets the cast down properly this time. ""We don't take you on your word. Go find what's making a print, work out what it's worth doing about, and come back and tell me straight. That's the whole trial. No parade, no oath."""
dlg.hunter_tracker.c_recruit_accept,"I'll do the work."
dlg.hunter_tracker.c_recruit_decline,"Not what I came for."
dlg.hunter_tracker.recruited,"""Then you're one of ours as of now, not as of you finish something."" She nods once, like that settles a private question. ""Ask me what's moving. I'll tell you."""
dlg.hunter_tracker.declined,"""Your business."" She goes back to the cast without looking up again."
dlg.hunter_tracker.c_boar_offer,"About that print."
dlg.hunter_tracker.boar_offer,"""Something big came through the deadfall and went back up the scarp on three legs, like I said. I've had four nights of it since and no cleaner a read."" She taps the cast. ""I'm not asking you to kill it. I'm asking you to find out what it is and what it's costing anyone, and then decide. That's the whole of the induction — knowing before you draw."""
dlg.hunter_tracker.c_boar_already,"I've already dealt with it."
dlg.hunter_tracker.boar_offer_already,"She turns the cast over once, unsurprised. ""Word travels ahead of you, then. That's not the same as doing it right, but it's done, and I won't pretend otherwise. You're one of ours."""
dlg.hunter_tracker.c_boar_accept,"I'll go look."
dlg.hunter_tracker.boar_offer_accepted,"""Deadfall's east of the lodge, past where the pines close in. Don't go in blind — read the ground before you read the animal."""
dlg.hunter_tracker.c_boar_not_yet,"Not yet."
dlg.hunter_tracker.c_boar_judge,"I've seen enough of it."
dlg.hunter_tracker.boar_judge,"She sets the cast down and looks at you properly for the first time. ""Then tell me. Is it a danger worth ending, or a territory worth marking off and leaving be? I'll back either. I want to hear which."""
dlg.hunter_tracker.c_judge_kill,"It's caused enough trouble. I'll finish it."
dlg.hunter_tracker.boar_judged_kill,"""Then finish it clean, not angry. Fell will want to see what's left of it after."""
dlg.hunter_tracker.c_judge_spare,"Let it be. I'll mark the den and warn people off."
dlg.hunter_tracker.boar_judged_spare,"She almost smiles. ""That's the harder answer to give, and the one I hoped for less than half the time I ask it. Come back when the marker's up. I'll want to hear that too."""
dlg.hunter_tracker.c_boar_done,"About the deadfall boar."
dlg.hunter_tracker.boar_done,"""Settled, then."""
dlg.hunter_tracker.c_boar_done_kill,"It's done. Fell has the hide."
dlg.hunter_tracker.boar_done_kill,"""Good. That was the harder path and you took it clean — I heard as much from Fell before you got here."""
dlg.hunter_tracker.c_boar_done_spare,"The den's marked. I told people to keep clear."
dlg.hunter_tracker.boar_done_spare,"""Then it's off my list, and you've earned your rank the way I'd rather see it earned — by knowing when not to draw."""

# The Veiled Archive — the Annexe, on the Embermarket's north side.
dlg.archive_keeper.speaker,"Keeper Ysolde Marr"
dlg.archive_keeper.root,"She is standing in the Annexe door with her hands behind her back, in front of a room she does not move out of."
dlg.archive_keeper.member,"""Admission is granted once and it is never revisited, which is why we are careful about granting it."" Her hands come apart. ""What we hold, we hold because the world would rather it were gone. Read what you like. Copy nothing out of this room."""
dlg.archive_keeper.stranger,"""A reading room. Nothing on the market's list."" She does not move aside. ""We are not a shop and we are not a library. A person joins us by bringing us something we did not have — and by not asking what happens to it afterwards."""
dlg.archive_keeper.c_member,"What's come in?"
dlg.archive_keeper.c_stranger,"May I see inside?"
dlg.archive_keeper.c_bye,"Another day."
dlg.archive_keeper.c_back,"Something else."
dlg.archive_keeper.c_end,"Thank you, Keeper."
dlg.archive_steward.speaker,"Steward Coran Vey"
dlg.archive_steward.root,"There is ink to the second knuckle on both his hands, and a tray of ruled paper he is drying one sheet at a time."
dlg.archive_steward.member,"""Ink, vellum, lamp oil, and a case that will keep a book dry between here and Frostfang."" He lifts a sheet by its corner. ""Everything the Keeper's work needs, and none of it is interesting, and all of it is the reason the work happens."""
dlg.archive_steward.stranger,"""The scriptorium in the market sells paper."" He goes on drying. ""This is the Annexe's, and the Annexe's is the Annexe's."""
dlg.archive_steward.c_member,"What can you spare?"
dlg.archive_steward.c_stranger,"Do you sell paper?"
dlg.archive_steward.c_bye,"No matter."
dlg.archive_steward.c_back,"Something else."
dlg.archive_steward.c_end,"I'll let it dry."
dlg.archive_reader.speaker,"Ferris Vail"
dlg.archive_reader.root,"He has three books open at once on the Annexe's outer bench and is looking between them as though one of them is lying."
dlg.archive_reader.member,"""Two of these say the ley line under the market runs north. The third was written by somebody who walked it."" He taps the third. ""So there is a thing to go and settle, and settling things is what the Keeper sends us out to do."""
dlg.archive_reader.stranger,"""Nothing to look at. Old arguments about old ground."" He turns a page over, face down. ""I'd tell you which ground, but then I'd have told you."""
dlg.archive_reader.c_member,"What are you chasing?"
dlg.archive_reader.c_stranger,"What are you reading?"
dlg.archive_reader.c_bye,"Nothing."
dlg.archive_reader.c_back,"Something else."
dlg.archive_reader.c_end,"I'll leave you to your books."

# The Emberbound — the Undercroft, off the Emberdeep pithead. A concealed order: the strangers'
# lines admit nothing, which is the whole difference between this hub and the four public ones.
dlg.emberbound_hierarch.speaker,"Hierarch Selane Ott"
dlg.emberbound_hierarch.root,"She is standing between two of the cut pillars with a lamp turned low, and she lets the silence go on a moment longer than is comfortable."
dlg.emberbound_hierarch.member,"""You came down the stair, so somebody trusted you with the stair."" The lamp comes up a little. ""We study what the fire does to the people who carry it. Not whether it should be carried — that question has been used to justify everything ever done with it."""
dlg.emberbound_hierarch.stranger,"""You have come a long way down for a wrong turning."" The lamp does not come up. ""There is nothing worked in this part of the cut and there has not been for years. Go back up while the light holds."""
dlg.emberbound_hierarch.c_member,"What have you found?"
dlg.emberbound_hierarch.c_stranger,"What is this chamber?"
dlg.emberbound_hierarch.c_bye,"Nothing."
dlg.emberbound_hierarch.c_back,"Something else."
dlg.emberbound_hierarch.c_end,"I'll go back up."
dlg.emberbound_hierarch.c_initiate,"Bren said you'd see me."
dlg.emberbound_hierarch.initiate,"She sets the lamp on the sill between you. ""Bren doesn't send people down without reason, and I don't ask why he's right about them."" A pause, weighing something. ""We don't study the fire to decide who deserves it. We study what it does to whoever's already carrying it. You are. So — what happens to what you're carrying?"""
dlg.emberbound_hierarch.c_relic_surrender,"Whatever it wants, it doesn't get it from me. Take it."
dlg.emberbound_hierarch.c_relic_keep,"It stays with me. I started this; I'll finish it."
dlg.emberbound_hierarch.c_refuse,"I didn't come down here to be studied."
dlg.emberbound_hierarch.c_initiate_wait,"Give me a moment."
dlg.emberbound_hierarch.surrendered,"She doesn't reach for anything — nothing changes hands here, not yet. ""That's the harder answer, not the easier one."" The lamp doesn't move. ""Cass will ward it properly, in his own time. For now you've said the true thing out loud, and that's most of the work."""
dlg.emberbound_hierarch.c_surrendered_confirm,"Then I'm one of you."
dlg.emberbound_hierarch.kept,"Her face doesn't change, which is its own kind of answer. ""Then you'll carry it under our roof instead of alone. That's not nothing."" The warmth goes out of her voice. ""We don't take it from anyone who isn't offering. We tried that, once. It didn't end well for the one who tried."""
dlg.emberbound_hierarch.c_kept_confirm,"Then I'm one of you, on those terms."
dlg.emberbound_hierarch.joined,"""Kindled, then."" She says it like a fact rather than a welcome. ""Bren will show you where the wall picks up. Cass will tell you what not to touch. I'll tell you the rest when there's a reason to."""
dlg.emberbound_hierarch.c_joined_confirm,"Understood."
dlg.emberbound_hierarch.declined,"She doesn't argue, and she doesn't look surprised. ""Then this didn't happen."" The lamp goes back down between you. ""The stair's behind you, if that changes."""
dlg.emberbound_hierarch.c_declined_bye,"Good."
dlg.emberbound_warder.speaker,"Warder Cass Vollen"
dlg.emberbound_warder.root,"He is between you and the pedestal at the back of the chamber, and he has been standing there long enough that it looks like a habit."
dlg.emberbound_warder.member,"""Everything we hold, I account for, and I account for it out loud."" He shifts, just enough to show what is behind him. ""An order that keeps relics and keeps no list of them stops being an order and becomes a hoard."""
dlg.emberbound_warder.stranger,"""There's nothing behind me."" He does not move. ""Miners come down here and take what isn't theirs. You'd not be the first, and I'd rather you weren't the next."""
dlg.emberbound_warder.c_member,"What's on the list?"
dlg.emberbound_warder.c_stranger,"What are you standing over?"
dlg.emberbound_warder.c_bye,"Nothing."
dlg.emberbound_warder.c_back,"Something else."
dlg.emberbound_warder.c_end,"As you were."
dlg.emberbound_seeker.speaker,"Seeker Bren Ilvo"
dlg.emberbound_seeker.root,"He is copying something off the chamber wall onto a wax tablet by the light of a single brazier, and he keeps his voice down out of habit rather than need."
dlg.emberbound_seeker.member,"""I go up and out and I come back with what nobody meant us to have."" He angles the tablet toward the coals. ""Half of it is a lie somebody carved to be found. The Hierarch says learning which half is the work."""
dlg.emberbound_seeker.stranger,"""Old marks. Miners' marks."" The tablet turns face down against his knee. ""You get a lot of them in a cut this old."""
dlg.emberbound_seeker.c_member,"Where have you been?"
dlg.emberbound_seeker.c_stranger,"What's carved there?"
dlg.emberbound_seeker.c_bye,"Nothing."
dlg.emberbound_seeker.c_back,"Something else."
dlg.emberbound_seeker.c_end,"I'll leave you to the wall."
dlg.emberbound_seeker.c_investigate,"You knew what was in the Iron King before it fell."
dlg.emberbound_seeker.investigate,"He sets the tablet down for the first time since you came in. ""Word gets down here faster than boots do."" His eyes go to your hands rather than your face. ""What you're carrying isn't something to talk about at the bottom of a mine shaft. Go up. Come back when she'll see you — and she will."""
dlg.emberbound_seeker.c_investigate_end,"I'll go up."
settings.render_quality,Graphics quality
settings.render_quality.low,Low
settings.render_quality.medium,Medium
settings.render_quality.high,High
settings.render_quality.ultra,Ultra
dlg.syndicate_broker.c_join,"I'll take the work."
dlg.syndicate_broker.c_join_decline,"Not for me."
dlg.syndicate_broker.joined_now,"""Good."" He writes nothing down; the contract is the fact of you standing there. ""Grieve has the ledger of what pays. Ask him."""
dlg.syndicate_broker.declined,"""Suit yourself."" He does not look up again. ""The offer keeps. Most people change their minds once the winter does."""
dlg.syndicate_broker.c_advance,"About advancement."
dlg.syndicate_broker.c_advance_confirm,"Understood."
dlg.syndicate_broker.advance,"""Three jobs, three different ways to get paid, and you're still standing."" He folds a fresh contract and does not hand it over — it is not for you to hold. ""That is rank one. The Syndicate remembers who delivers."""
dlg.syndicate_fixer.c_bounty_offer,"What's the standing bounty?"
dlg.syndicate_fixer.c_bounty_active,"About those bandits."
dlg.syndicate_fixer.c_bounty_thanks,"That bounty's closed."
dlg.syndicate_fixer.bounty_offer,"""Bandits on the roads we're paid to keep clear. Three heads, gold on delivery — I don't need proof, I need them stopped."" He taps the tally stick. ""Straightforward. I like straightforward."""
dlg.syndicate_fixer.c_bounty_accept,"Done."
dlg.syndicate_fixer.c_bounty_decline,"Not today."
dlg.syndicate_fixer.bounty_accepted,"""Three, then. The road thanks you even if it never says so."""
dlg.syndicate_fixer.bounty_active,"""Still three fewer bandits than I'd like. Go on."""
dlg.syndicate_fixer.bounty_thanks,"""Quieter roads already. Whatever you did, keep doing it."""
dlg.syndicate_fixer.c_escort_offer,"Anyone need moving?"
dlg.syndicate_fixer.c_escort_active,"About the escort."
dlg.syndicate_fixer.c_escort_thanks,"About that escort."
dlg.syndicate_fixer.escort_offer,"""Netta Vire. Carries our books between here and the crossing, and the roads have gotten unfriendly to people who carry things."" He nods past you. ""Walk her to Wren at the post. Nothing more complicated than that."""
dlg.syndicate_fixer.c_escort_accept,"I'll see her there."
dlg.syndicate_fixer.c_escort_decline,"Not my errand."
dlg.syndicate_fixer.escort_accepted,"""She's waiting on you, not me."""
dlg.syndicate_fixer.c_escort_recruit,"Let's go."
dlg.syndicate_fixer.escort_active,"""She still needs both legs and the ledger under her arm. Go on."""
dlg.syndicate_fixer.escort_thanks,"""Wren tells me she arrived talking your ear off. Good work regardless."""
dlg.syndicate_fixer.c_judgment_offer,"You mentioned an account."
dlg.syndicate_fixer.c_judgment_active,"About Corran Vess."
dlg.syndicate_fixer.c_judgment_thanks,"About that account."
dlg.syndicate_fixer.judgment_gate,"""Corran Vess. Kept our books for two years and kept a second set for himself."" The chalk stops for the first time. ""He's gone to ground past the ruin wall east of here. What happens when you find him is your call, not mine."""
dlg.syndicate_fixer.c_judgment_open,"Where do I find him?"
dlg.syndicate_fixer.c_judgment_closed,"Any word on Vess?"
dlg.syndicate_fixer.judgment_closed,"""Someone closed that account already."" He does not ask who. ""Word travels. It doesn't need to travel through me."""
dlg.syndicate_fixer.judgment_offer,"""Dead, run off, or talked into paying back what he owes — I'm told all three settle the ledger. I only care that it's settled."""
dlg.syndicate_fixer.c_judgment_accept,"I'll settle it."
dlg.syndicate_fixer.c_judgment_decline,"Not my business."
dlg.syndicate_fixer.judgment_accepted,"""East past the ruin wall. Try not to make it my business twice."""
dlg.syndicate_fixer.judgment_active,"""Still owes us, last I checked. Go settle it."""
dlg.syndicate_fixer.judgment_thanks,"""Settled is settled. I stopped asking how, and you'd do well to stop offering."""
dlg.syndicate_peer.speaker,"Rook Sallow"
dlg.syndicate_peer.root,"He is leaning on the Ledger House's wall with his arms crossed, watching the street the way a man watches something he has already decided about."
dlg.syndicate_peer.member,"""Made it in, then."" He looks you over once, unhurried. ""Grieve's work is honest work, which is more than the word usually means around here. Do it enough times and it stops being a favour."""
dlg.syndicate_peer.stranger,"""Ledger House business."" He does not move from the wall. ""If you're not on the roster, you're on the street."""
dlg.syndicate_peer.c_member,"How long have you been in?"
dlg.syndicate_peer.c_stranger,"What is this place?"
dlg.syndicate_peer.c_bye,"Moving on."
dlg.syndicate_peer.c_back,"Something else."
dlg.syndicate_peer.c_end,"Good hunting."
dlg.iron_mark.speaker,"Corran Vess"
dlg.iron_mark.root,"He is sitting with his back to the ruin wall, a strongbox within reach and no weapon drawn. He watches you the way a man watches a debt arrive."
dlg.iron_mark.c_confront,"The Syndicate sent me."
dlg.iron_mark.c_bye,"Not now."
dlg.iron_mark.judgment,"""Took them long enough."" He does not reach for the box. ""Two years of their coin and I kept a fifth for myself. Call it a fee for the counting. I'll not pretend it was owed to me."""
dlg.iron_mark.c_fight,"Then this ends here."
dlg.iron_mark.c_spare,"Take what's left and go."
dlg.iron_mark.spared,"""That's more mercy than the ledger extends most men."" He is already gathering the box. ""I won't be found twice. Tell them whatever settles it for you."""
dlg.iron_mark.c_spared_bye,"Go, then."
dlg.iron_client.speaker,"Netta Vire"
dlg.iron_client.root,"She keeps both hands on the ledger case, watching the road behind you more than she watches you."
dlg.iron_client.c_hold,"Stay close."
dlg.iron_client.c_bye,"Wait here."
dlg.iron_client.arrived,"""The post. Wren's post."" She lets a breath out she had clearly been keeping. ""I can carry my own case from here."""
dlg.iron_client.c_part,"Safe travels, then."
quest.iron.bounty.title,"A Standing Bounty"
quest.iron.bounty.summary,"Dallow Grieve pays by the head for bandits working the roads the Iron Syndicate protects. No proof required, no questions asked — just fewer bandits."
quest.iron.bounty.obj,"Kill bandits (3)"
quest.iron.escort.title,"The Ledger Case"
quest.iron.escort.summary,"Netta Vire carries the Syndicate's books between Hollowreach and the Crossway, and the roads have gotten unfriendly to people who carry things. Walk her to Wren at the mercenary post."
quest.iron.escort.obj,"Escort Netta Vire to the Crossway post"
quest.iron.judgment.title,"Settling the Account"
quest.iron.judgment.summary,"Corran Vess skimmed two years off the Syndicate's books and has gone to ground east of the Ledger House. What happens when you find him is yours to decide — the Syndicate only wants the account closed."
quest.iron.judgment.obj_kill,"Settle Corran Vess's account"
quest.iron.judgment.obj_spare,"Hear Corran Vess out"
companion.iron_client.name,Netta Vire
companion.iron_client.title,Ledger Clerk of the Syndicate
enemy.iron_mark.name,Corran Vess
enemy.iron_mark.lore,"A bookkeeper who skimmed what he counted and ran before the tally caught up with him. No soldier and no bandit — cornered, not dangerous by trade."
dlg.archive_keeper.c_trial_offer,"What would you have me bring you?"
dlg.archive_keeper.c_trial_active,"I haven't forgotten."
dlg.archive_keeper.c_trial_ready,"I found what you asked for."
dlg.archive_keeper.trial_offer,"""There's a copy of the Treatise on Wardings loose in the market — Tam Quillfellow's Scriptorium has it on a shelf where anyone with the coin can read what we meant to keep close. Ask him about it. Then come back and tell me what you learned, and I'll know whether you can be trusted with the rest of this room."""
dlg.archive_keeper.c_trial_accept,"I'll ask him."
dlg.archive_keeper.c_trial_decline,"Not today."
dlg.archive_keeper.trial_accepted,"""The Scriptorium is in the market. He'll talk, if you ask the right way."""
dlg.archive_keeper.trial_declined,"""No matter. The door doesn't move."""
dlg.archive_keeper.trial_active,"""Go on, then. I'm not going anywhere."""
dlg.archive_keeper.trial_ready,"""So. You went, you asked, and you came back instead of keeping it to yourself — that's the whole test, and you've passed it."""
dlg.archive_keeper.c_trial_admit,"I'd like to join you."
dlg.archive_keeper.admitted,"""Welcome to the Veiled Archive. Admission is granted once, and I've just granted it — mind you don't make me regret the exception."""
dlg.archive_keeper.c_advance,"You asked me to look into the Ancient."
dlg.archive_keeper.advance,"""I did. Tell me plainly — did it teach you, or did you take what it had?"""
dlg.archive_keeper.c_advance_taught,"It taught me. I never raised a hand to it."
dlg.archive_keeper.c_advance_defeated,"It's dead. I read what the hoard kept."
dlg.archive_keeper.advance_ranked,"""Either way, the word is recovered and the Archive is richer for it. You've earned your rank — wear it quietly, the way we do everything else."""
dlg.archive_keeper.c_advance_confirm,"I will."
dlg.archive_reader.c_survey_offer,"What needs settling?"
dlg.archive_reader.c_survey_active,"I haven't walked it yet."
dlg.archive_reader.survey_offer,"""The waystone in the Ember Crown's town square, and the one at the Frostfang clan hold — stand at both and tell me what the Weave feels like at each. I have the books; I don't have the legs, or the reasons the Keeper won't spare to send me herself."""
dlg.archive_reader.c_survey_accept,"I'll walk both and report back."
dlg.archive_reader.c_survey_decline,"Not today."
dlg.archive_reader.survey_accepted,"""Start wherever's closer. The ley line doesn't care which end you read first."""
dlg.archive_reader.survey_declined,"""Fair enough. The stones aren't going anywhere either."""
dlg.archive_reader.survey_active,"""Still waiting on your legs, not my books."""
dlg.archive_reader.c_lead_offer,"You said there was a thing to go and settle."
dlg.archive_reader.c_lead_active,"Still working on it."
dlg.archive_reader.lead_offer,"""The Ancient in the Frostfang aerie is the nearest thing this realm has to a living book. Go and see it — spare it or don't, that's yours to decide — and bring the Keeper whatever you come back knowing. She'll want to hear it from someone who was there."""
dlg.archive_reader.c_lead_accept,"I'll go to the aerie."
dlg.archive_reader.c_lead_decline,"Not yet."
dlg.archive_reader.lead_accepted,"""Mind yourself up there. It hasn't killed a visitor yet, but there's a first time in everything."""
dlg.archive_reader.lead_declined,"""It'll keep. It's been keeping for longer than either of us."""
dlg.archive_reader.lead_active,"""No word from the aerie yet, then."""
quest.veiled_archive.lost_tome.title,"Something We Did Not Have"
quest.veiled_archive.lost_tome.summary,"Keeper Ysolde Marr won't take you on faith. Ask Tam Quillfellow at the Scriptorium about the loose copy of the Treatise on Wardings, then bring her what you learn."
quest.veiled_archive.lost_tome.obj_ask,"Ask Tam Quillfellow about the Treatise on Wardings"
quest.veiled_archive.lost_tome.obj_report,"Tell Keeper Ysolde Marr what you learned"
quest.veiled_archive.ley_survey.title,"Two Ends of the Same Line"
quest.veiled_archive.ley_survey.summary,"Ferris Vail wants the ley line under the market settled, once and for all. Stand at the Ember Crown waystone and at the Frostfang waystone, and tell him what the Weave feels like at each."
quest.veiled_archive.ley_survey.obj_high,"Read the Weave at the Ember Crown waystone"
quest.veiled_archive.ley_survey.obj_low,"Read the Weave at the Frostfang waystone"
quest.veiled_archive.ley_survey.obj_report,"Tell Ferris Vail what you felt at both stones"
quest.veiled_archive.ancient_lead.title,"What the Ancient Knows"
quest.veiled_archive.ancient_lead.summary,"The Ancient in the Frostfang aerie holds knowledge older than the Archive itself. Go to it, spare it or don't, and bring Keeper Ysolde Marr whatever you come back knowing."
quest.veiled_archive.ancient_lead.obj_reach,"Go to the Ancient's aerie"
quest.veiled_archive.ancient_lead.obj_report_taught,"Tell Keeper Ysolde Marr what the Ancient taught you"
quest.veiled_archive.ancient_lead.obj_report_defeated,"Tell Keeper Ysolde Marr what the hoard kept"
# --- Finish run: the Storm Tyrant (Frostfang, Stormcrown) ---
enemy.storm_tyrant.name,The Storm Tyrant
boss.storm_tyrant.prompt,"Challenge the Storm Tyrant"
boss.storm_tyrant.locked,"The lightning-rod stands dead. While the Iron King still rules the Crown, the storm will not answer you."
dlg.stormtyrant.absorb.speaker,"The Storm Heart"
dlg.stormtyrant.absorb.offer,"Where the Third Flamebearer fell, the air still hums. His hatred had a centre, and it is lying in the snow, crackling. It would make you fast, and cruel, and very hard to stop. Will you absorb the flame?"
dlg.stormtyrant.absorb.c_absorb,"Absorb the flame."
dlg.stormtyrant.absorb.c_decline,"Let the storm die with him."
dlg.stormtyrant.absorb.absorbed,"Thunder rolls through you and does not stop. For a moment you understand him completely: how good it felt to break things that had stopped deserving mercy."
dlg.stormtyrant.absorb.declined,"You close your fist around the shard and refuse it. The static drains out of the sky, and for the first time in an age the Stormcrown is quiet."
dlg.stormtyrant.absorb.c_absorbed_bye,"Let them hear it."
dlg.stormtyrant.absorb.c_declined_bye,"Quiet, then."
# --- Finish run: the endings and credits ---
ending.dawnfire.1,"You set the relics down around the empty throne and do not sit."
ending.dawnfire.2,"The fire in them does not go out. It goes home: into the ground, the rivers, the thin grey sky. The Weave draws a long breath for the first time in an age."
ending.dawnfire.3,"In the years after, the ash stops falling. Green comes back to the Crown's fields and the wind off Frostfang carries rain instead of cinders. One spring, a dragon is seen over the Stormcrown, and nobody runs."
ending.dawnfire.4,"There are no more Flamebearers. There does not need to be. The Age of Ash ends, and the Age of Dawn begins."
ending.dawnfire.epilogue_none,"You carried none of the fallen into that hall. The songs call you the Unburnt, and for once the songs are right."
ending.dawnfire.epilogue_some,"You carried some of the fallen with you, and it cost you. Some nights the old fire still wakes in your hands. You let it gutter, every time."
ending.dawnfire.epilogue_all,"You took every ember and still walked away from the throne. No one who saw you do it has ever been able to explain how."
ending.embers.1,"Morthul's ash settles. The throne is warm, and it has been waiting a very long time. You sit."
ending.embers.2,"Every ember you carried roars up to meet it. The sky over Embervale stops dying, because you tell it to."
ending.embers.3,"The monsters kneel. The roads are safe. The harvests come in on time, every time, exactly as you have decreed. No one argues, because no one can."
ending.embers.4,"The world survives. Freedom does not. The Age of Ash ends, and the Age of Embers begins."
ending.embers.epilogue_none,"You came to the throne with clean hands and took it anyway. The fallen would have understood that better than anyone."
ending.embers.epilogue_some,"The embers you took whisper that you are not like the others who fell. For a thousand years, you believe them."
ending.embers.epilogue_all,"Six fallen Flamebearers burn inside you now, and the seventh sits above them all. The old names are forgotten. There is only yours."
ending.credits.1,"EMBERVALE"
ending.credits.2,"Made with Godot. Characters generated with Meshy. World built from Quaternius's CC0 kits."
ending.credits.3,"Thank you for playing. The world remains yours to walk."
enemy.storm_tyrant.lore,"The Third Flamebearer. Hatred was the fire he was given and the only one he kept. He climbed the Stormcrown to be closer to the lightning, and it has been answering him ever since."
# The Ashen Wilds (2026-09 finish run): the Beast Lord, Last Hearth and the Ash Hunters' station.
enemy.beast_lord.name,The Beast Lord
enemy.beast_lord.lore,"The Fourth Flamebearer. He was given the ember to save the world, and when the Cataclysm broke it he stopped pretending the world was his to save. He took the corruption in whole, and what is left of him leads the things that live in the scar."
boss.beast_lord.challenge_prompt,"Light the blighted brazier and call the Beast Lord"
boss.beast_lord.challenge_locked,"The brazier will not take. Something is still asleep on the plateau."
dlg.beastlord.absorb.speaker,"The Wild Heart"
dlg.beastlord.absorb.offer,"Where the Beast Lord fell, the ember still beats inside the ash of him, quick and hungry, like something that wants to run. It is yours to take. Will you absorb the flame?"
dlg.beastlord.absorb.c_absorb,"Absorb the flame."
dlg.beastlord.absorb.c_decline,"Leave it to the ash."
dlg.beastlord.absorb.absorbed,"It goes into you like a pulse. Your senses sharpen past comfort, and for a moment every living thing on the plateau is only meat and distance. The bargain is struck."
dlg.beastlord.absorb.declined,"You step back from it. The ember gutters in the ash, and the Wilds go quiet, the way a forest goes quiet when the hunter has gone."
dlg.beastlord.absorb.c_absorbed_bye,"So be it."
dlg.beastlord.absorb.c_declined_bye,"Not like him."
dlg.ashen_headwoman.speaker,"Maeve Ashby"
dlg.ashen_headwoman.root,"She looks you over the way you would look over a cart come in off a bad road. ""You came through the Breach on purpose. Nobody does that. Sit by the fire if you like; it is the only thing here we do not ration."""
dlg.ashen_headwoman.c_place,"What is this place?"
dlg.ashen_headwoman.c_east,"What lies further in?"
dlg.ashen_headwoman.c_after,"The Beast Lord is dead."
dlg.ashen_headwoman.c_bye,"I will not keep you."
dlg.ashen_headwoman.c_back,"Something else."
dlg.ashen_headwoman.place,"""Last Hearth. We named it the first winter, when it was a joke. There were forty of us came over when the Breach was still open, looking for kin and salvage. There are eleven now. The houses were here before us. Whoever built them did not need roofs, or did not live long enough to want them."""
dlg.ashen_headwoman.east,"""The Hunters keep a station on the rise, north and east. Past that the road climbs to a plateau under the wall, and on the plateau there is something that used to be a man. The beasts go to him. So do our dead, some nights, and we do not go after them."""
dlg.ashen_headwoman.after,"She is quiet a long time. ""Then the wolves will stop coming to the fence in threes. I will believe it when I have slept a night through. Thank you. I do not know what else a person says."""
dlg.ashen_mender.speaker,"Ada Voss"
dlg.ashen_mender.root,"She does not look up from the bandage she is winding. ""If you are bleeding, sit. If you are not, mind where you stand; the ash gets into everything, and into wounds first."""
dlg.ashen_mender.c_ash,"What does the ash do?"
dlg.ashen_mender.c_bye,"I will leave you to it."
dlg.ashen_mender.c_back,"One more thing."
dlg.ashen_mender.ash,"""Nothing, at first. Then a cut does not close, and the skin round it goes grey, and the one who has it starts to hear the wolves as if they were talking. I burn what I can. I have not found anything else that works."""
dlg.ash_hunter_warden.speaker,"Hask Morrow"
dlg.ash_hunter_warden.root,"A lean man in an ash-grey tabard, sighting down the road with his hand over his eyes. ""Hunter, or lost? Either way you walked a long way to stand on my rise."""
dlg.ash_hunter_warden.c_lord,"Tell me about the Beast Lord."
dlg.ash_hunter_warden.c_station,"What are the Hunters doing out here?"
dlg.ash_hunter_warden.c_done,"The plateau is quiet now."
dlg.ash_hunter_warden.c_bye,"Good hunting."
dlg.ash_hunter_warden.c_back,"Another question."
dlg.ash_hunter_warden.lord,"""He was one of the Flamebearers, if you believe the old songs, and I do. When the fire went wrong he did not fight it. He let it in and let it make him what it wanted. Now he sleeps on the plateau until something wakes him, and every beast in the scar knows where he is. There is a brazier at the head of the ramp. Light it and he comes. Do not light it unless you mean it."""
dlg.ash_hunter_warden.station,"""Watching. The Guild wants to know what comes out of the scar before it reaches the Breach. We count the packs, we mark the corrupted ones, and we keep the Hearth folk alive when we can. It is not glorious. It is the job."""
dlg.ash_hunter_warden.done,"He lowers his hand from his eyes. ""I saw the fire go out from here. The packs are scattering: no one calling them any more. The Guild will want your name for the ledger, whether you want it there or not."""
dlg.ashen_scavenger.speaker,"Tobin Rusk"
dlg.ashen_scavenger.root,"A short man behind a stall built out of three different doors. ""Everything here came out of a ruin or off a body, and I will not tell you which. You buying, or selling?"""
dlg.ashen_scavenger.talk,"""I go out at dawn, when the beasts are sleeping it off. Houses, carts, the dead. The Breach used to bring traders. Now it brings you. You will do."""
dlg.ashen_scavenger.closed,"""Counter is shut. Nothing good happens in the scar after dark, and I am not staying up to find out what I would be selling to."""
dlg.ashen_scavenger.c_trade,"Show me what you have."
dlg.ashen_scavenger.c_closed,"Can we trade?"
dlg.ashen_scavenger.c_talk,"Where does all this come from?"
dlg.ashen_scavenger.c_bye,"Another time."
dlg.ashen_scavenger.c_talk_trade,"Then show me."
dlg.ashen_scavenger.c_talk_back,"Something else."
dlg.ashen_scavenger.c_talk_bye,"I will leave you to it."
shop.last_hearth.scavenger.name,"Tobin's Salvage"
travel.ashen_wilds.last_hearth.name,"Last Hearth"
# Sunspire Dominion — the realm south of the Southmarch Gate: Saffra Wells, the great library, the Crimson Prophet.
enemy.crimson_prophet.name,The Crimson Prophet
enemy.crimson_prophet.lore,"The Fifth Flamebearer. He listened for the gods after they fell silent, and something answered. He became its voice, and built an empire of worshippers to carry what it said. He does not preach Morthul's word. He preaches in it."
boss.crimson_prophet.challenge_prompt,"Kindle the altar fire and call the Prophet"
boss.crimson_prophet.challenge_locked,"The altar fire will not take. The Prophet is not ready to hear you."
dlg.crimson_prophet.absorb.speaker,"The Crimson Ember"
dlg.crimson_prophet.absorb.offer,"Where the Prophet fell, his fire keeps speaking: a low, patient voice that knows your name and has been waiting to say it. The ember is yours to take. Will you absorb the flame?"
dlg.crimson_prophet.absorb.c_absorb,"Absorb the flame."
dlg.crimson_prophet.absorb.c_decline,"Let it burn out."
dlg.crimson_prophet.absorb.absorbed,"The voice comes into you with the heat. For a moment you understand every sermon he ever gave, and for a moment you agree."
dlg.crimson_prophet.absorb.declined,"You close your hand on nothing. The voice goes on a while without you, and then the sanctum is only a room full of smoke."
dlg.crimson_prophet.absorb.c_absorbed_bye,"So be it."
dlg.crimson_prophet.absorb.c_declined_bye,"Not his voice. Not mine."
service.sunspire.caravanserai.name,"Caravanserai cot"
dlg.sunspire_archivist.speaker,"Archivist Seren Adaru"
dlg.sunspire_archivist.root,"""Mind the sand on the stair. It comes in on every boot and it has been coming in for four hundred years."" She does not look up from the page. ""This is the great library, or what the desert left of it. The Veiled Archive keeps it now."""
dlg.sunspire_archivist.c_library,"What is this place?"
dlg.sunspire_archivist.library,"""The last reading hall of the city that stood here before the Cataclysm. The rest of it is under your feet. The mesa kept the wind off this one hall, so it kept its books. Some of what we know about the Flamebearers, we know only because of that wind."""
dlg.sunspire_archivist.c_library_bye,"I'll let you read."
dlg.sunspire_archivist.c_prophet,"Tell me about the Crimson Prophet."
dlg.sunspire_archivist.prophet,"""He was one of the seven, once. He read in this hall. Then he began to hear an answer when he prayed, and he stopped reading. His mission is south, past the red flats. His worshippers walk the pilgrim track every day."""
dlg.sunspire_archivist.c_prophet_bye,"I'll see him for myself."
dlg.sunspire_archivist.c_bye,"Farewell."
dlg.sunspire_caravan_master.speaker,"Idrys Vane"
dlg.sunspire_caravan_master.root,"""Caravan master, for what that's worth this season. The wells take anyone with coin, and the cots are ten a night. Don't drink from the oasis upstream of the cattle."""
dlg.sunspire_caravan_master.c_road,"Where does the road go?"
dlg.sunspire_caravan_master.road,"""West to the library, if you like old books and older sand. South to the Crimson Mission, if you like sermons. My caravans go neither way. We turn round here and go home."""
dlg.sunspire_caravan_master.c_road_bye,"Good to know."
dlg.sunspire_caravan_master.c_gate,"The Southmarch Gate was sealed."
dlg.sunspire_caravan_master.gate,"""The Iron King sealed it. His wardens would not let a cart through in either direction. Now he's gone and the road's open, and I've got twenty years of trade to make up."""
dlg.sunspire_caravan_master.c_gate_bye,"Then I'll leave you to it."
dlg.sunspire_caravan_master.c_bye,"Safe roads."
dlg.sunspire_wellkeeper.speaker,"Mother Oda Sarn"
dlg.sunspire_wellkeeper.root,"""Water's free. Everything else at the wells costs something, but not the water. That's the oldest law in the Dominion and the Prophet's people can preach at me all they like."""
dlg.sunspire_wellkeeper.c_wells,"Do the cultists come here?"
dlg.sunspire_wellkeeper.wells,"""Every week, in their red, asking who will walk south with them. Some go. They come back quieter, when they come back. My grandson went at midsummer."""
dlg.sunspire_wellkeeper.c_wells_bye,"I'm sorry."
dlg.sunspire_wellkeeper.c_bye,"Thank you for the water."
dlg.sunspire_pilgrim.speaker,"Tamsin Reed"
dlg.sunspire_pilgrim.root,"""I walked the pilgrim track twice. I'm not walking it a third time. Don't tell the ones in red I said so."""
dlg.sunspire_pilgrim.c_mission,"What happens at the mission?"
dlg.sunspire_pilgrim.mission,"""He speaks from the sanctum with the altar fire behind him, and the fire speaks with him. Everyone hears their own name in it. The faithful stand at the walls. If you mean to go in there, go in armed, and do not light the altar unless you mean it."""
dlg.sunspire_pilgrim.c_mission_bye,"I mean it."
dlg.sunspire_pilgrim.c_bye,"Your secret is safe."
# Finish run: the hidden realm and the Hollow Queen. Post-reveal text only, keyed pale.* (tools/world_atlas.py exempts that prefix); nothing outside pale.* may name the realm.
enemy.hollow_queen.name,The Hollow Queen
enemy.hollow_queen.lore,"The Second Flamebearer. She sought immortality and lost her soul for it. She hid a whole kingdom from death, and then from history, and commands the dead who were not so lucky."
pale.boss.challenge_prompt,"Light the brazier and ask for an audience"
pale.boss.challenge_locked,"The brazier will not take a flame."
dlg.hollowqueen.absorb.speaker,"The Hollow Heart"
dlg.hollowqueen.absorb.offer,"Where she fell the air is still and very cold, and at its centre a fragment of fallen divinity waits without beating. It offers what it offered her: to keep you exactly as you are, forever. Will you absorb the flame?"
dlg.hollowqueen.absorb.c_absorb,"Absorb the flame."
dlg.hollowqueen.absorb.c_decline,"Let it go out."
dlg.hollowqueen.absorb.absorbed,"The cold goes into you like a held breath. Something in you stops, very quietly, and does not start again. The bargain is struck."
dlg.hollowqueen.absorb.declined,"You leave it where it lies. Behind you, for the first time in four hundred years, the light begins to move."
dlg.hollowqueen.absorb.c_absorbed_bye,"So be it."
dlg.hollowqueen.absorb.c_declined_bye,"Let them rest."
pale.dlg.steward.speaker,"Steward Ismene Vael"
pale.dlg.steward.root,"A visitor. There has not been a visitor since the day of signing. You will forgive me if I read you the proclamation; I read it to everyone, and there has not been anyone. ""By the Queen's grace the Concord is kept, and none within it shall fail."" It is still evening. It is always still evening."
pale.dlg.steward.bargain,"The world was ending. You know that part, surely, out there. She offered us an exemption, and we signed, all of us, the whole kingdom in one hand. Nobody dies here. Nobody leaves. Nobody is born. We keep the city in repair because repair is something to do."
pale.dlg.steward.queen,"She is in the Hollow Court at the end of the processional way. She preserved us, and then she preserved herself, and then there was nothing left in her to preserve. Her servants walk the roads. They are not us. We were never buried."
pale.dlg.steward.freed,"The light moved. Did you see it? For the first time in four hundred years the light moved. I have no proclamation for this. I think I shall sit down."
pale.dlg.steward.c_bargain,"What was the bargain?"
pale.dlg.steward.c_queen,"Where is the Queen?"
pale.dlg.steward.c_freed,"She is gone."
pale.dlg.steward.c_back,"Tell me something else."
pale.dlg.steward.c_bye,"Keep well."
pale.dlg.lamplighter.speaker,"Oswin the Lamplighter"
pale.dlg.lamplighter.root,"Mind the flame. They never go out, you understand. I light them anyway. A lamplighter who does not light lamps is only a man standing in the street at dusk, and there are enough of those."
pale.dlg.lamplighter.bargain,"I signed with the rest. I remember the ink was cold. I thought: I will never have to watch my daughter grow old. I have not. She has not grown at all. That was the price, and we paid it in the wrong coin."
pale.dlg.lamplighter.queen,"Past the fields, up the processional. Do not go if you mean to bargain with her. Everything here is something she was once offered in trade."
pale.dlg.lamplighter.freed,"My hand is tired. My hand has not been tired in four hundred years. I believe I will let the lamps go out tonight, and see what it is like."
pale.dlg.lamplighter.c_bargain,"What was the bargain?"
pale.dlg.lamplighter.c_queen,"Where is the Queen?"
pale.dlg.lamplighter.c_freed,"She is gone."
pale.dlg.lamplighter.c_back,"Tell me something else."
pale.dlg.lamplighter.c_bye,"Keep well."
pale.dlg.baker.speaker,"Maren Loaf"
pale.dlg.baker.root,"Bread? It is fresh. It has been fresh since the day she signed us. Nobody eats it. Nobody needs to. I bake it because the ovens are warm and my hands remember how."
pale.dlg.baker.bargain,"Nothing ripens here and nothing rots. You would think that was a mercy. It is only a very long afternoon. Most of us stopped wanting the exemption a long time ago. We cannot hand it back."
pale.dlg.baker.queen,"Her people come for nothing and take nothing. They are the dead she commands, from outside. We are the ones she kept. There is a difference, and it is the only thing we still own."
pale.dlg.baker.freed,"The loaves have gone stale. Can you smell it? Stale bread. I could weep. I think I shall bake one more, and eat it myself."
pale.dlg.baker.c_bargain,"What was the bargain?"
pale.dlg.baker.c_queen,"Where is the Queen?"
pale.dlg.baker.c_freed,"She is gone."
pale.dlg.baker.c_back,"Tell me something else."
pale.dlg.baker.c_bye,"Keep well."
pale.dlg.clockkeeper.speaker,"Old Corwen"
pale.dlg.clockkeeper.root,"Look at the dial. Five and twenty past five. It has said five and twenty past five for four hundred years, and every day I wind it, because a clock that is not wound is a lie, and a clock that does not move is only a mistake."
pale.dlg.clockkeeper.bargain,"She wrote us out of every map and every history. That was the last of it: the secret. If nobody knows we are here, nobody can come to tell us what we have missed. And yet here you are."
pale.dlg.clockkeeper.queen,"Her Court is north. The ring before it was built for audiences. Light the brazier and she will give you one. She has not refused an audience in four hundred years. She has not had one."
pale.dlg.clockkeeper.freed,"The hand moved. Six o'clock. I have waited all my life, and then all of the rest of it, to say that it is six o'clock."
pale.dlg.clockkeeper.c_bargain,"What was the bargain?"
pale.dlg.clockkeeper.c_queen,"Where is the Queen?"
pale.dlg.clockkeeper.c_freed,"She is gone."
pale.dlg.clockkeeper.c_back,"Tell me something else."
pale.dlg.clockkeeper.c_bye,"Keep well."
# Celestial Realm (the finish run, Act IV): the Ashen Knight, Morthul, the braziers and the throne placeholder.
enemy.ashen_knight.name,The Ashen Knight
enemy.ashen_knight.lore,"The Sixth Flamebearer, and the closest any of them came. He reached the Ash Throne, raised his blade over Morthul and did not bring it down. Whatever he saw in that moment, he has served the god of endings ever since, and he waits at the last gate for the one who might finish what he could not."
enemy.morthul.name,"Morthul, the Ash King"
enemy.morthul.lore,"The god of entropy, who looked at creation and judged that everything ends, even gods, and so everything should. He killed the six who stood against him and has sat in their ruined heaven ever since, while the world he broke goes on dying."
celestial.ashen_knight.challenge_prompt,"Light the brazier and face the Ashen Knight"
celestial.ashen_knight.challenge_locked,"The brazier will not take."
celestial.morthul.challenge_prompt,"Light the last fire and challenge the Ash King"
celestial.morthul.challenge_locked,"The fire will not wake while the Knight still holds the gate."
dlg.ashenknight.absorb.speaker,The Ashen Knight
dlg.ashenknight.absorb.last_words,"He goes down on one knee and plants the greatsword so he does not fall further. ""Good. Good. I was beginning to think there would never be anyone."""
dlg.ashenknight.absorb.c_listen,"Why did you stop, at the throne?"
dlg.ashenknight.absorb.last_words_2,"""Because I saw what sits in it. Not a god. A chair that must never be empty. I could kill him, or I could become him, and I could not choose. So I knelt. Choose better than I did, Seventh. Take my ember or leave it in the ash, but do not kneel."""
dlg.ashenknight.absorb.c_go_on,"Rest, Knight."
dlg.ashenknight.absorb.offer,"His ember gutters in the cracked breastplate, grey and heavy, the strongest fire of the six. It is yours to take. Will you absorb the flame?"
dlg.ashenknight.absorb.c_absorb,Absorb the flame.
dlg.ashenknight.absorb.c_decline,Leave it with him.
dlg.ashenknight.absorb.absorbed,"His strength pours into you, disciplined and vast, and with it the memory of a blade held still above a throne. The bargain is struck."
dlg.ashenknight.absorb.declined,"You leave the ember where it lies. It burns down slowly beside him, and for the first time since the Cataclysm the Ashen Knight is at rest."
dlg.ashenknight.absorb.c_absorbed_bye,So be it.
dlg.ashenknight.absorb.c_declined_bye,Farewell.
dlg.ash_throne.speaker,The Ash Throne
dlg.ash_throne.empty,The throne stands empty.
dlg.ash_throne.c_leave,Leave.
# --- Finish run: the main story (tools/gen_main_story.py) ---
quest.main.gathering.title,"Gathering the Flame"
quest.main.gathering.summary,"The Iron King was the first of the fallen, not the last. Three more Flamebearers hold the known realms: the Storm Tyrant in Frostfang's high passes, the Beast Lord somewhere in the Ashen Wilds beyond the Breach, and the Crimson Prophet who rules Sunspire from his temple. End them, and decide what to do with what burns inside each."
quest.main.gathering.obj_storm,"Defeat the Storm Tyrant at the Stormcrown"
quest.main.gathering.obj_beast,"Defeat the Beast Lord in the Ashen Wilds"
quest.main.gathering.obj_prophet,"Defeat the Crimson Prophet in Sunspire"
quest.main.hidden.title,"The Realm on No Map"
quest.main.hidden.summary,"With three of the fallen gone, the embers you carry pull west, towards a place no map admits exists. The Archivist of the Sunspire library says a door beneath her stacks has begun to open. There were seven Flamebearers. You have only met five."
quest.main.hidden.obj,"Find the Second Flamebearer and end her reign"
quest.main.truth.title,"Truth of the Gods"
quest.main.truth.summary,"Every fallen Flamebearer died saying the same thing in a different way: that you do not understand what you are for. The Archivist in the Sunspire library has kept the gods' own records. It is time to read them."
quest.main.truth.obj,"Hear the truth from the Archivist in the Sunspire library"
quest.main.celestial.title,"The Celestial War"
quest.main.celestial.summary,"The way to the ruined Celestial Realm stands open in the library. Morthul waits on the Ash Throne, and between you and him stands the Sixth Flamebearer, the one who came closest."
quest.main.celestial.obj_knight,"Defeat the Ashen Knight"
quest.main.celestial.obj_morthul,"Confront Morthul at the Ash Throne"
dlg.archivist.c_hidden,"Where do I go next?"
dlg.archivist.hidden,"The fallen hold the realms you can find on a map. There were seven of you, and the Second hid her country from death itself. When the Tyrant, the Beast and the Prophet are gone, her door will stop hiding from you. It opens here, under my floor. I have been listening to it breathe for forty years."
dlg.archivist.c_truth,"Tell me the truth. All of it."
dlg.archivist.cataclysm,"Seven gods kept the world. Morthul was the one who kept its endings: death, rot, the last page. One day he decided the whole book was flawed and should be burned so it could be written again. The others refused. The war that followed broke the continents. Six gods died. He did not."
dlg.archivist.c_more,"Go on."
dlg.archivist.morthul,"Here is what the songs leave out. Morthul is not a tyrant who took a throne. He is what the throne makes of whoever sits on it. Something must hold the world's endings, or nothing ends at all and nothing can begin. He sat because someone had to. It hollowed him into the Ash King."
dlg.archivist.throne,"The gods made seven Flamebearers to unseat him. Not one of them was ever told the rest: that when he falls, the throne will ask for you. The fallen all heard it, in the end. Some ran from it. Some said yes too early. You carry their fire. What you do with it at the top of the Celestial stair is the only choice that has ever mattered."
dlg.archivist.c_open,"Open the way to the Celestial Realm."
dlg.archivist.opened,"Then go. The stair is behind the last shelf; it has always been there, waiting for someone who knew what it was. Whatever you choose up there, Seventh, choose it awake."
dlg.archivist.c_gate,"About the stair..."
dlg.archivist.gate,"It is open. It will stay open. I am not going to talk you out of it, and I am not going to talk you into it."
dlg.archivist.c_back,"Something else."
dlg.throne.speaker,"The Ash Throne"
dlg.throne.intro,"Morthul comes apart into ash, and the ash does not settle. It waits. The Ash Throne stands empty for the first time since the gods died, and you feel it the way you felt every ember you ever held: a question. Someone must always sit here."
dlg.throne.c_refuse,"Refuse it. Give the fire back to the world."
dlg.throne.c_sit,"Sit. Take the throne."
dlg.throne.dawn,"If you refuse, the relics you carry spill their fire back into the land, and nothing holds the world's endings but the world itself. It will be slower. It will be free. It will be yours no longer. Is this your choice?"
dlg.throne.c_dawn_yes,"Yes. Let the world keep its own endings."
dlg.throne.embers,"If you sit, every ember you carry becomes a crown. You will end the dying because you order it to end, and nothing in Embervale will ever again be able to tell you no. Is this your choice?"
dlg.throne.c_embers_yes,"Yes. The world will survive, because I will make it."
dlg.throne.c_wait,"Wait. Not yet."
dlg.throne.gate,"The Ash Throne. It is carved from something that was once alive, and it is never empty for long."
dlg.throne.c_approach,"Approach the throne."
dlg.throne.c_leave,"Step back. He still sits there."
dlg.throne.c_later,"Not yet. I need a moment."
# --- Finish run: Flamebearer visions (src/UI/VisionSequence.cs) ---
vision.iron_king.1,"A VISION. A young soldier kneels in the rain before six dying gods, and the first fire of the world is put into his hands."
vision.iron_king.2,"He wins his first war with it. Then his second. Every victory needs a little more of the fire, and a little more obedience from everyone around him."
vision.iron_king.3,"By the end he is not fighting Morthul at all. He is building walls around a crown, and calling it keeping the world safe."
vision.storm_tyrant.1,"A VISION. The Third Flamebearer comes home from the Celestial stair to find his clan hold burned by men who swore they were saving it."
vision.storm_tyrant.2,"He calls the storm down on them. It answers so gladly that he never quite lets it go again."
vision.storm_tyrant.3,"He climbs the Stormcrown to be alone with the only thing that has never lied to him: the lightning, and the hatred it carries."
vision.beast_lord.1,"A VISION. The Fourth Flamebearer walks into the Ashen Wilds to cure the corruption at its root, alone, because she will not ask anyone else to risk it."
vision.beast_lord.2,"The rot does not fight her. It offers. Strength that never tires, senses that never sleep. Only a little of her, at first."
vision.beast_lord.3,"The last of her that could say no is buried under antler and fur and hunger. The Wilds remember her name. The beast does not."
vision.crimson_prophet.1,"A VISION. The Fifth Flamebearer reads in the great library for thirty years, looking for a way to win that does not cost the world."
vision.crimson_prophet.2,"One night a voice answers his prayers. It is patient, and kind, and it tells him that endings are a mercy."
vision.crimson_prophet.3,"He does not think he betrayed anyone. He thinks he found the truth first, and he has been building a church to share it ever since."
vision.hollow_queen.1,"A VISION. The Second Flamebearer watches her whole realm age while the war drags on, and cannot bear to lose one more of them."
vision.hollow_queen.2,"She takes her people out of time. No one dies. No one grows. The evening simply never ends."
vision.hollow_queen.3,"The price was her own soul, and she paid it without looking. She has been counting her people every dusk for four hundred years."
vision.ashen_knight.1,"A VISION. The Sixth Flamebearer climbs the Celestial stair with five companions. He is the only one who reaches the top."
vision.ashen_knight.2,"He stands before the Ash Throne with Morthul broken at his feet, and hears what the throne asks of whoever wins."
vision.ashen_knight.3,"He could not sit, and he could not leave it empty. So he knelt, and has guarded the one who would, ever since. He was waiting for you."
# Phase 42F/H/J/L/M - guild finales (Ash Hunters, Veiled Archive, Iron Syndicate, Emberbound) and reactions
quest.ash_hunters.scar_count.title,Counting the Scar
quest.ash_hunters.scar_count.summary,"Huntmaster Yrsa Kesk's counts from the Ashen Wilds no longer add up. Stand on Hask Morrow's rise above the scar road, hear his count, and see the ash-maws for yourself."
quest.ash_hunters.scar_count.obj_station,Reach the Ash Hunters' station in the Ashen Wilds
quest.ash_hunters.scar_count.obj_hask,Hear Hask Morrow's pack count
quest.ash_hunters.scar_count.obj_maws,Kill ash-maws (3)
quest.ash_hunters.three_dragons.title,Three Kinds of Fire
quest.ash_hunters.three_dragons.summary,"The Hunters' ledger calls every dragon the same thing. Look at the wild drakes, the ash-drakes and the Ancient in Frostfang Reach, from as close as you dare, then tell Yrsa Kesk what the ledger should say about each."
quest.ash_hunters.three_dragons.obj_wild,Observe the wild drakes at the Dragon Roost
quest.ash_hunters.three_dragons.obj_ash,Observe the ash-drakes at the Ash Roost
quest.ash_hunters.three_dragons.obj_ancient,Observe the Ancient at its Aerie
dlg.hunter_master.f42_c_a_offer,Is there work for a marked hunter?
dlg.hunter_master.f42_c_a_active,The Ashen count is still open.
dlg.hunter_master.f42_c_a_done,I've been to the scar. Hask's count is right.
dlg.hunter_master.f42_c_a_accept,I carry the mark. I'll go.
dlg.hunter_master.f42_c_later,Not yet.
dlg.hunter_master.f42_c_ok,Understood.
dlg.hunter_master.f42_c_b_offer,What can't you answer yet?
dlg.hunter_master.f42_c_b_active,I haven't seen all three yet.
dlg.hunter_master.f42_c_b_report,I've seen all three kinds.
dlg.hunter_master.f42_c_b_accept,I'll look at all three.
dlg.hunter_master.f42_c_verdict,Here's what the ledger should say.
dlg.hunter_master.f42_c_after,How is the ledger holding?
dlg.hunter_master.f42_c_v_verdict_slay,"Mark them all. Fire is fire, and all of it burns."
dlg.hunter_master.f42_c_v_verdict_judge,Hunt the ash-drakes. Leave the wild ones. Protect the one that speaks.
dlg.hunter_master.f42_c_v_verdict_withdraw,Pull the Hunters out of dragon country. We don't know enough.
dlg.hunter_master.f42_c_seal,That's my word.
dlg.hunter_master.f42_c_rank3,I'll carry it.
dlg.hunter_master.f42_c_finale,"Good hunting, Huntmaster."
dlg.hunter_master.f42_a_offer,"She finds a page near the back of the field book. ""Hask Morrow keeps our station in the Ashen Wilds, on the rise above the scar road. He sends me pack counts, and lately they don't add up. Once you carry the Tracker's mark, go and stand on his rise, hear his count, and put down three ash-maws yourself. Then tell me what you saw, not what you killed."""
dlg.hunter_master.f42_a_accepted,"""Last Hearth is the only fire on that road. The station is on the rise above it. Write things down."""
dlg.hunter_master.f42_a_active,"""Then it's still open. Hask won't have gone anywhere. Neither have the maws."""
dlg.hunter_master.f42_hub,"She turns the book so you can see your name in it, twice now. ""Right, and worse than he said. You carry the Hunter's mark. Hunters who carry it get the questions the rest of us can't answer yet."""
dlg.hunter_master.f42_b_offer,"""Dragons."" She says it flatly. ""The ledger calls them all one thing and they are not. There are wild drakes at the Dragon Roost in the Reach, ash-drakes the ember got into at the Ash Roost, and the old one at the Aerie that talks. Go and look at all three, from as close as you dare and no closer. Then tell me what the Hunters should do about each. Whatever you say goes in the ledger, and the ledger outlives both of us."""
dlg.hunter_master.f42_b_accepted,"""From cover, if you can. A dragon you watched is worth ten you fought."""
dlg.hunter_master.f42_b_active,"""Then you haven't seen dragons yet. Only a dragon."""
dlg.hunter_master.f42_b_report,"She opens the book at a clean page and holds the pen over it. ""Go on."""
dlg.hunter_master.f42_verdict,"""One line for each of them, or one line for all of them. Your choice, and it stands."""
dlg.hunter_master.f42_v_verdict_slay,"The pen moves. ""Every dragon a mark. It's simple, and simple travels well. It will cost us hunters. It always does."""
dlg.hunter_master.f42_after_verdict_slay,"""Every dragon a mark, and the marks are coming in. So are the names of the hunters who didn't come back. I read both lists."""
dlg.hunter_master.f42_v_verdict_judge,"The pen moves slowly, three lines instead of one. ""The ember is in the ash-drakes and not in the others. And a creature that can tell you why it's angry isn't game."" She blots the page. ""That's a harder ledger to keep. It's the right one."""
dlg.hunter_master.f42_after_verdict_judge,"""Two ash-drakes marked since you left, and the wild roost untouched. The old one at the Aerie watched our hunters pass and let them. I think it knows what we decided."""
dlg.hunter_master.f42_v_verdict_withdraw,"The pen hesitates, then moves. ""Knowing when we don't know. Most orders never learn it."" She draws a line across the Reach on her map. ""The station at the scar stays. The roosts are closed to us until someone knows more than you do."""
dlg.hunter_master.f42_after_verdict_withdraw,"""The roosts are quiet, or we don't know otherwise, which is what we chose. Hask still counts the scar. That was always the job."""
dlg.hunter_master.f42_sealed,"She closes the book on the page and keeps her hand on it. ""Then hear mine. You hunted with your eyes before your bow, all the way to the dragons. That is the Ashbane's mark, and it is the last one we give."""
dlg.hunter_master.f42_ranked,"""The Tally in your pack has a knot for every dragon this lodge ever judged. Yours is the newest. Wear it where people can see it."""
dlg.ash_hunter_warden.c_f42_count,The Huntmaster wants your count.
dlg.ash_hunter_warden.c_f42_react,The Huntmaster sends her regards.
dlg.ash_hunter_warden.f42_count,"He doesn't take his eyes off the road. ""Forty-one maws past the rise since the thaw, and nine of them wrong in the way the ember makes them wrong. Last year it was twelve and two. Tell her the numbers. Tell her I'm not guessing."""
dlg.ash_hunter_warden.f42_react,"""Ashbane, is it? Word travels up this road slower than ash, but it travels."" He almost smiles. ""The station's yours whenever you want a roof. Same rule as everyone: write it down."""
quest.veiled_archive.greater_house.title,The Greater House
quest.veiled_archive.greater_house.summary,Something is eating the bindings in the great library's lower stacks. Walk the library in the Sunspire Dominion and clear the ruin crawlers out of the sand around it.
quest.veiled_archive.greater_house.obj_library,Reach the great library in the Sunspire Dominion
quest.veiled_archive.greater_house.obj_crawlers,Kill ruin crawlers (4)
quest.veiled_archive.breach_record.title,The Breach Record
quest.veiled_archive.breach_record.summary,"What the Breach did to the people near it survives in three places: the Breach stones, the survivors at Last Hearth, and a poor copy in the great library. Gather all three for Keeper Ysolde Marr, then decide what the Archive does with them."
quest.veiled_archive.breach_record.obj_stones,Take rubbings of the stones at the Ashen Breach
quest.veiled_archive.breach_record.obj_hearth,Hear the survivors' account at Last Hearth
quest.veiled_archive.breach_record.obj_library,Set the record beside the great library's copy
dlg.archive_keeper.h42_c_a_offer,Is there more work for a member?
dlg.archive_keeper.h42_c_a_active,The crawlers are still at the stacks.
dlg.archive_keeper.h42_c_a_done,The lower stacks are safe.
dlg.archive_keeper.h42_c_a_accept,I'm a Reader. I'll go.
dlg.archive_keeper.h42_c_later,Not today.
dlg.archive_keeper.h42_c_ok,"Thank you, Keeper."
dlg.archive_keeper.h42_c_b_offer,What aren't you sure you should keep?
dlg.archive_keeper.h42_c_b_active,The record is still incomplete.
dlg.archive_keeper.h42_c_b_report,I have the whole Breach record.
dlg.archive_keeper.h42_c_b_accept,I'll gather the record.
dlg.archive_keeper.h42_c_verdict,Here is what the Archive should do.
dlg.archive_keeper.h42_c_after,How does the Breach record fare?
dlg.archive_keeper.h42_c_v_custody_preserve,"Keep it here, veiled, for the few who need it."
dlg.archive_keeper.h42_c_v_custody_share,Copy it out. The people at the Hearth and the Wells deserve to know.
dlg.archive_keeper.h42_c_v_custody_seal,Seal it. Some knowledge only teaches people how to repeat it.
dlg.archive_keeper.h42_c_seal,That is my decision.
dlg.archive_keeper.h42_c_rank3,I will hold it quietly.
dlg.archive_keeper.h42_c_finale,"Thank you, Keeper."
dlg.archive_keeper.h42_a_offer,"""There is a greater house than this Annexe: the great library in the Sunspire Dominion, half under the sand. Something has got into its lower stacks and is eating the bindings."" Her hands stay behind her back. ""Readers may go and deal with it. Walk the library, put down the crawlers in the sand around it, and come back. The work is dull. Most of our work is."""
dlg.archive_keeper.h42_a_accepted,"""Take the caravan road south through the Southmarch Gate. The library is beyond Saffra Wells. Mind the sand."""
dlg.archive_keeper.h42_a_active,"""Then so is the damage. Go on."""
dlg.archive_keeper.h42_hub,"""The greater house is grateful in the way houses are: silently, and for a very long time."" Her hands come apart. ""You are an Archivist of this house. What comes to an Archivist is what we are not sure we should keep."""
dlg.archive_keeper.h42_b_offer,"""The Breach record. What the Breach did to the people standing near it. It is cut into the stones at the Breach itself, remembered by the survivors at Last Hearth, and copied once, badly, into a book in the great library. Gather all three. Then decide what the Archive does with it. I will not decide for you. That is what the rank is for."""
dlg.archive_keeper.h42_b_accepted,"""The stones first, while they still read. Then the Hearth. Then the library, to set it beside the copy."""
dlg.archive_keeper.h42_b_active,"""Incomplete is the natural state of a record. Finish it anyway."""
dlg.archive_keeper.h42_b_report,"She takes the rubbings and your notes and lays them side by side on the sill without reading them. ""Before I read a word: what happens to it?"""
dlg.archive_keeper.h42_verdict,"""Keep it veiled, give it away, or put it where no one reads it again. Those are the only three things an archive can do with anything."""
dlg.archive_keeper.h42_v_custody_preserve,"""The oldest answer, and the one we are named for."" She slides the record into a case and turns the key. ""It will be here, for whoever needs it and can say why."""
dlg.archive_keeper.h42_after_custody_preserve,"""Veiled, and read twice this season, both times by members who could say why. That is the system working."""
dlg.archive_keeper.h42_v_custody_share,"For a moment she looks as though she will argue. ""Copied out, it stops being ours. It stops being anyone's."" She reaches for fresh paper anyway. ""Coran will make the copies and the caravans will carry them. The Archive will learn what it is to be read."""
dlg.archive_keeper.h42_after_custody_share,"""Coran's copies reached the Wells and the Hearth. A caravan master wrote to ask what else we have. I did not know what to say to that. I am learning."""
dlg.archive_keeper.h42_v_custody_seal,"""Sealed."" She says it without relief. ""Not burned. We do not burn. But it goes into the vault under the Annexe, and the vault does not open for anyone who asks politely."" She wraps the rubbings in waxed cloth."
dlg.archive_keeper.h42_after_custody_seal,"""Sealed, and no one has asked for it. Which means either we were right, or no one knows it is gone. I think about the second more than I would like."""
dlg.archive_keeper.h42_sealed,"""Then it is the Archive's decision, and you made it. Very few members are ever asked. Fewer answer."" Her hands go behind her back again. ""You are Keeper of the Veil, the last rank we have."""
dlg.archive_keeper.h42_ranked,"""The seal ring in your pack is the custodian's. It opens every case in this room and in the great library too. Try not to need it."""
dlg.archive_steward.c_h42_react,The Keeper says I hold the Veil now.
dlg.archive_steward.h42_react,"""Then you may sign for anything in this room."" He slides the ledger across, pen and all. ""Nobody ever does. It is a comfort to know someone could."""
quest.iron.caravan_road.title,The Southmarch Road
quest.iron.caravan_road.summary,Idrys Vane's caravans are losing guards to red-robed raiders between the Caravan Gap and Saffra Wells. Walk the road for the Ledger House and make it stop.
quest.iron.caravan_road.obj_gap,Reach the Caravan Gap
quest.iron.caravan_road.obj_wells,Reach Saffra Wells
quest.iron.caravan_road.obj_cultists,Kill cultists (3)
quest.iron.last_contract.title,Loyalty for Sale
quest.iron.last_contract.summary,"A Citadel factor is paying the Ledger House to lift Idrys Vane's route ledger from the Caravanserai. Rook Sallow is already on the job. Get the ledger, speak with Rook, and bring Broker Ilder Vance an ending."
quest.iron.last_contract.obj_ledger,Take Vane's route ledger at the Caravanserai
quest.iron.last_contract.obj_rook,Speak with Rook Sallow at the Ledger House
dlg.syndicate_broker.j42_c_a_offer,Any contracts for someone with a rank?
dlg.syndicate_broker.j42_c_a_active,The road contract is still open.
dlg.syndicate_broker.j42_c_a_done,The Southmarch road is clear.
dlg.syndicate_broker.j42_c_a_accept,I'm a Runner. I'll take it.
dlg.syndicate_broker.j42_c_later,Not now.
dlg.syndicate_broker.j42_c_ok,Understood.
dlg.syndicate_broker.j42_c_b_offer,Whose interest?
dlg.syndicate_broker.j42_c_b_active,The Citadel contract isn't finished.
dlg.syndicate_broker.j42_c_b_report,"I have Vane's ledger, and I've spoken to Rook."
dlg.syndicate_broker.j42_c_b_accept,I'll bring you an ending.
dlg.syndicate_broker.j42_c_verdict,Here's how it ends.
dlg.syndicate_broker.j42_c_after,How did the Southmarch business settle?
dlg.syndicate_broker.j42_c_v_finale_fidelity,The contract as written. The factor gets the ledger.
dlg.syndicate_broker.j42_c_v_finale_offer,"Vane paid better. The ledger goes back to him, and the House takes its cut."
dlg.syndicate_broker.j42_c_v_finale_rook,"Whatever happens to the ledger, Rook walks free of it."
dlg.syndicate_broker.j42_c_seal,That's the ending.
dlg.syndicate_broker.j42_c_rank3,Understood.
dlg.syndicate_broker.j42_c_finale,"Good day, broker."
dlg.syndicate_broker.j42_a_offer,"""The Southmarch road is open again, and Idrys Vane's caravans are the first on it. Men in red robes have been lifting his guards between the Caravan Gap and Saffra Wells. Vane pays the Ledger House to make that stop."" He taps the contract. ""Ranked hands only. Runners and up. Walk the road from the Gap to the Wells and put three of the robes in the sand."""
dlg.syndicate_broker.j42_a_accepted,"""Vane is at the wells. He pays on delivery and not a coin before."""
dlg.syndicate_broker.j42_a_active,"""Open contracts are unpaid contracts. Close it."""
dlg.syndicate_broker.j42_hub,"""Vane paid in full and asked for you by name, which is the most expensive thing a client can do."" He folds a contract and keeps it. ""You're a Contractor of this House. Contractors get the work that comes with somebody else's interest attached."""
dlg.syndicate_broker.j42_b_offer,"""A factor out of the Citadel wants Vane's caravans broken, now that he has proved they run. He is paying us to take Vane's route ledger out of the Caravanserai, quietly. Rook Sallow is already on it. Get the ledger, see Rook, and bring me an ending. What kind of ending is yours to choose. I only need it clean."""
dlg.syndicate_broker.j42_b_accepted,"""The Caravanserai at the wells. Rook knows the rest. Rook always knows the rest."""
dlg.syndicate_broker.j42_b_active,"""Then it's the only thing in this district that isn't. Finish it."""
dlg.syndicate_broker.j42_b_report,"He doesn't reach for the ledger. ""Vane offered you more to lose it. The factor offered me more to get it. And Rook has been on the factor's payroll longer than he's been on mine."" He almost smiles. ""So. What did we sell?"""
dlg.syndicate_broker.j42_verdict,"""Say it plainly. The Ledger House writes it down the way you say it."""
dlg.syndicate_broker.j42_v_finale_fidelity,"""Terms, payment, and the ending everyone agreed to."" He takes the ledger at last. ""Vane will hate us. The Citadel will hire us again. That is what fidelity costs and what it buys."""
dlg.syndicate_broker.j42_after_finale_fidelity,"""The factor's caravans run the road now and Vane runs what's left. Nobody in Saffra Wells will pour you a drink. Everybody in the Citadel will."""
dlg.syndicate_broker.j42_v_finale_offer,"""A better offer, taken openly, with the House's share on the table."" He weighs the ledger and hands it back. ""The creed is terms and payment. Nobody ever said whose. Vane will remember it. So will the factor."""
dlg.syndicate_broker.j42_after_finale_offer,"""Vane's caravans still run, and every season he sends a crate of dates with a note that says 'for the cut'. The factor has hired elsewhere. Elsewhere is cheaper and worse."""
dlg.syndicate_broker.j42_v_finale_rook,"He looks at you for a long moment. ""You sold the contract to keep a man who was selling us."" A pause. ""The Syndicate is loyal to the contract, never the cause. You found a third thing to be loyal to. I'll allow it once."""
dlg.syndicate_broker.j42_after_finale_rook,"""Rook works the wall outside, and he works it for us now. He owes you, he knows it, and he hates knowing it. That makes him the most reliable man I have."""
dlg.syndicate_broker.j42_sealed,"""Written."" And he does, for once, in a small book from his coat. ""Three rungs, and you've stood on every one. You're Ironhand. There is no rung above it, only the Broker's chair, and I'm sitting in it."""
dlg.syndicate_broker.j42_ranked,"""The signet in your pack opens doors from Hollowreach to the Wells. Every fence and factor on the road knows it. Use it like a contract: carefully, and in writing."""
dlg.syndicate_peer.c_j42_rook,The Broker says you're on the Citadel job.
dlg.syndicate_peer.c_m42_warden,You know I wear a Dawnwarden's rank too.
dlg.syndicate_peer.j42_rook,"He doesn't move off the wall. ""I'm on the Citadel's payroll, if that's what he's too polite to say. Two winters now. The factor pays me to know what the House does before it does it."" He finally looks at you. ""Tell Vance or don't. I'll know which by morning."""
dlg.syndicate_peer.m42_warden,"""A Dawnblade and a Syndicate contract in the same coat."" He snorts. ""The Watch would call that a conflict. The House calls it a wider client list. Keep the two ledgers apart and nobody here will care."""
dlg.sunspire_caravan_master.c_j42_vane,The Ledger House sends its regards.
dlg.sunspire_caravan_master.c_j42_vane_bye,"Safe roads, Vane."
dlg.sunspire_caravan_master.j42_vane,"""The Ledger House, is it."" He looks at the signet before he looks at you. ""Whatever the Syndicate decided about my road, it decided it with your hands. I'll remember the hands."""
quest.emberbound.second_fire.title,What the Fire Leaves
quest.emberbound.second_fire.summary,"Hierarch Selane Ott sends the Kindled to see what a Flamebearer leaves behind. Visit Stormcrown in the high passes of Frostfang Reach, then hear Warder Cass Vollen on custody."
quest.emberbound.second_fire.obj_stormcrown,Visit Stormcrown in the high passes of Frostfang Reach
quest.emberbound.second_fire.obj_cass,Hear Warder Cass Vollen on custody
quest.emberbound.reckoning.title,The Reckoning
quest.emberbound.reckoning.summary,"The Emberbound have never agreed on what they are for. See a beast the ember remade at the Ash Roost, read the order's founding doctrine in the great library, then give the Hierarch your answer."
quest.emberbound.reckoning.obj_roost,See the ash-drakes at the Ash Roost
quest.emberbound.reckoning.obj_doctrine,Read the founding doctrine in the great library
dlg.emberbound_hierarch.l42_c_a_offer,Is there more to learn down here?
dlg.emberbound_hierarch.l42_c_a_active,I haven't finished at Stormcrown.
dlg.emberbound_hierarch.l42_c_a_done,"I've seen Stormcrown, and heard Cass on custody."
dlg.emberbound_hierarch.l42_c_a_accept,I'm Kindled. I'll go.
dlg.emberbound_hierarch.l42_c_later,Not yet.
dlg.emberbound_hierarch.l42_c_ok,Understood.
dlg.emberbound_hierarch.l42_c_b_offer,What has the order argued about?
dlg.emberbound_hierarch.l42_c_b_active,I'm still reading.
dlg.emberbound_hierarch.l42_c_b_report,I've seen the roost and read the doctrine.
dlg.emberbound_hierarch.l42_c_b_accept,"I'll go and see, and read."
dlg.emberbound_hierarch.l42_c_verdict,I have an answer.
dlg.emberbound_hierarch.l42_c_after,How does the order hold to the doctrine?
dlg.emberbound_hierarch.l42_c_v_doctrine_safeguard,Safeguard them. Keep every relic warded until no one needs it.
dlg.emberbound_hierarch.l42_c_v_doctrine_destroy,Destroy them. Whatever can be broken should be.
dlg.emberbound_hierarch.l42_c_v_doctrine_wield,Use them. We understand the fire better than anyone. Carry it.
dlg.emberbound_hierarch.l42_c_seal,That is the doctrine.
dlg.emberbound_hierarch.l42_c_rank3,I'll keep it.
dlg.emberbound_hierarch.l42_c_finale,"Until the next time, Hierarch."
dlg.emberbound_hierarch.l42_a_offer,"""There is more to learn everywhere the fire has been. Stormcrown, in the high passes of the Reach: the Tyrant stood there long enough to change the stone."" The lamp comes up a little. ""The Kindled may go and see what a Flamebearer leaves behind. Then ask Cass what we do with what's left. He'll tell you. He tells everyone."""
dlg.emberbound_hierarch.l42_a_accepted,"""Go armed. The stone remembers more than the storm does."""
dlg.emberbound_hierarch.l42_a_active,"""Stormcrown will wait. It's had practice."""
dlg.emberbound_hierarch.l42_hub,"""Then you've seen what the fire leaves and heard what we do with it."" The lamp comes up. ""You're Ember-Sworn now. The Ember-Sworn are told the thing this order has argued about since before it had a name."""
dlg.emberbound_hierarch.l42_b_offer,"""What we are for. Some of us say we keep the relics safe until no one needs them. Some say we should break them, if they can be broken. Some say they're tools and we're cowards not to use them."" She sets the lamp down. ""Go and see an ash-drake at its roost, a living thing the ember remade. Then read our founding doctrine. It's shelved in the great library in the Sunspire, under a title nobody would take down. Then come back and tell me which of us is right."""
dlg.emberbound_hierarch.l42_b_accepted,"""The Ash Roost in the Reach first. The library after. Read it slowly."""
dlg.emberbound_hierarch.l42_b_active,"""Good. Most people stop too soon."""
dlg.emberbound_hierarch.l42_b_report,"""Then you know as much as I did when I had to choose."" She doesn't sit. ""The order will follow whatever its chosen voice says. Tonight, that's you."""
dlg.emberbound_hierarch.l42_c_stance_kept,I kept what I carried.
dlg.emberbound_hierarch.l42_verdict_kept,"""You kept it, and you're still yourself. That counts as evidence. For which side, I don't know yet. Say it."""
dlg.emberbound_hierarch.l42_c_stance_surrendered,I gave up what I carried.
dlg.emberbound_hierarch.l42_verdict_surrendered,"""You gave it up before anyone asked twice. That counts as evidence. For which side, I don't know yet. Say it."""
dlg.emberbound_hierarch.l42_stance,"""Before you give it: I remember what you told me at the foot of the stair."""
dlg.emberbound_hierarch.l42_v_doctrine_safeguard,"""Custody."" She nods slowly. ""Cass will be pleased and won't show it. The order stays what it has been: a list, a ward, and a long wait."""
dlg.emberbound_hierarch.l42_after_doctrine_safeguard,"""Cass has three new names on his list and nothing has left the pedestal. It is a slow kind of winning. It is still winning."""
dlg.emberbound_hierarch.l42_v_doctrine_destroy,"""Then we become the people who break what we don't understand."" She says it without scorn. ""It might be the only honest answer. Bren will start asking what breaks an ember. I hope he finds out slowly."""
dlg.emberbound_hierarch.l42_after_doctrine_destroy,"""Bren broke a lesser relic at the bottom of the cut. It took a day and cost him his eyebrows, and the ember went out. So we can. We are less sure we should have learned that."""
dlg.emberbound_hierarch.l42_c_cost,Do it.
dlg.emberbound_hierarch.l42_v_doctrine_wield,"The lamp flares, briefly, as though something heard. ""Then we stop studying the fire and start carrying it."" For a moment her look is almost afraid. ""It begins with whoever said it. Hold still."""
dlg.emberbound_hierarch.l42_v_doctrine_wield_cost,"Heat runs up your arm and settles behind your eyes, and does not leave. ""There,"" she says quietly. ""Now you know what we're asking of everyone else."""
dlg.emberbound_hierarch.l42_after_doctrine_wield,"""Two of ours carry the fire now, the way you do. They are stronger and they are quieter, and I watch both of them. Someone should be watching you too. It may as well be me."""
dlg.emberbound_hierarch.l42_sealed,"""Then it's the order's doctrine, and it was your voice that said it."" She takes the lamp up. ""Kindled, Ember-Sworn, and now Flamekeeper. It's the last thing we call anyone."""
dlg.emberbound_hierarch.l42_ranked,"""Cass warded the ashglass in your pack himself. It won't stop the fire. It will tell you when the fire is close."""
dlg.emberbound_warder.c_l42_account,The Hierarch sent me to hear about custody.
dlg.emberbound_warder.c_l42_react,The Hierarch named me Flamekeeper.
dlg.emberbound_warder.l42_account,"""Custody."" He says it like a prayer he has stopped believing and kept saying. ""Every relic gets a line: where it came from, who carried it, what it did to them. The line is the ward. A relic nobody has written down is a relic somebody is using."" He taps the pedestal. ""That's all custody is. It's enough."""
dlg.emberbound_warder.l42_react,"""So I heard."" He does not step aside, but for the first time he turns his back on you to face the pedestal. ""Then you're on the list now too. Everyone who decides what we're for ends up on it."""
# Phase 44.5 + 47.5 (finishing features): the Ashen Knight's rival duels and the world after the ending
boss.withdraw,{0} yields.
boss.rival.duel1.prompt,Answer the Ashen Knight's challenge
boss.rival.duel1.locked,"A brazier of black iron, cold, ringed with a knight's sigil drawn in ash. Someone is waiting for the storm to break."
boss.rival.duel2.prompt,Answer the Ashen Knight's challenge
boss.rival.duel2.locked,"A brazier of black iron, cold, ringed with a knight's sigil drawn in ash. Someone is waiting for the Prophet to fall."
dlg.rival.duel1.speaker,The Ashen Knight
dlg.rival.duel1.yield,"He steps back and lowers the greatsword, breathing hard behind a visor black with old fire. ""Enough. The Tyrant fell to you, so I came to see what kind of thing could fell him."""
dlg.rival.duel1.c_who,Who are you?
dlg.rival.duel1.who,"""I was the Sixth to carry the flame, and the nearest any of us came to the end of it. Now I keep a stair you have not climbed yet."""
dlg.rival.duel1.c_why,Why not finish it?
dlg.rival.duel1.why,"""Because you are not ready, and I would rather meet you when you are. Gather your embers, Seventh. We will cross blades again."" He turns into the storm and is gone."
dlg.rival.duel1.c_bye,Let him go.
dlg.rival.duel2.speaker,The Ashen Knight
dlg.rival.duel2.yield,"This time he yields a step at a time, and he is smiling behind the visor; you can hear it. ""Better. Much better. The Prophet burned for his certainty, and you did not flinch from the fire."""
dlg.rival.duel2.c_follow,You keep following me.
dlg.rival.duel2.follow,"""I keep measuring you. Every ember you take brings you a little closer to where I stand."""
dlg.rival.duel2.c_stair,And where is that?
dlg.rival.duel2.stair,"""At the top of a stair, before a throne, with a choice I could not make. Come when you are ready. I will not yield a third time."""
dlg.rival.duel2.c_bye,Let him go.
dlg.ashenknight.absorb.c_duel_storm,"At the Stormcrown, you let me live."
dlg.ashenknight.absorb.duel_storm,"""I did. I needed to know whether you would keep climbing. You did."""
dlg.ashenknight.absorb.c_duel_mission,"In the Mission, you yielded a second time."
dlg.ashenknight.absorb.duel_mission,"""And I told you I would not yield a third. I kept my word. So did you."""
dlg.elder.c_ending,"How is the village, now it is over?"
dlg.elder.ending_dawnfire,"""The forge has not gone cold since. The children count the clear mornings out loud, as if they might run out. I stopped looking north. There is nothing there to dread any more."""
dlg.elder.ending_embers,"He will not meet your eyes. ""The village keeps your fires burning, as you commanded. We have learned the new prayers. Please, the sky has been red for so long. Is there anything more you require of us?"""
dlg.elder.c_ending_back,Something else.
dlg.ashen_headwoman.c_ending,How does Last Hearth fare?
dlg.ashen_headwoman.ending_dawnfire,"""We stopped rationing the firewood. First winter in living memory. Someone planted beans by the fence, and the wolves only come to look at them."""
dlg.ashen_headwoman.ending_embers,"""We do as we are told, and the ash falls, and we sweep it. The hearth burns for you now. Everyone knows whose fire it is."" She says it very carefully."
dlg.sunspire_wellkeeper.c_ending,How are the wells?
dlg.sunspire_wellkeeper.ending_dawnfire,"""Deeper and sweeter every season. The caravans sing coming in, now. Water is still free. Some laws are worth keeping."""
dlg.sunspire_wellkeeper.ending_embers,"""The water runs warm and tastes of smoke. Your priests come to bless it every dusk, and nobody drinks until they have gone."" She lowers her voice. ""It is still free. Please do not change that."""
dlg.sunspire_wellkeeper.c_ending_back,Something else.
combat.defence.perfect_parry,Perfect parry
combat.defence.parry,Parry
combat.defence.deflect,Deflected
combat.defence.guard_broken,Guard broken
combat.defence.riposte,Riposte
combat.defence.backstab,Backstab
combat.defence.opening,Open
combat.ranged.headshot,Headshot
combat.feedback.guard_broken,GUARD BROKEN
combat.feedback.broken,POISE BROKEN
combat.feedback.riposte,RIPOSTE!
combat.feedback.backstab,BACKSTAB!
combat.feedback.tell_attack,ATTACK
combat.feedback.tell_parry,PARRY
combat.feedback.tell_dodge,DODGE
combat.feedback.tell_sweep,SWEEP
combat.feedback.num_parried,PARRIED
combat.feedback.num_guard_broken,GUARD BREAK
combat.feedback.num_broken,BREAK
combat.feedback.num_resisted,resisted
combat.feedback.lock_far,Too far
combat.feedback.lock_sight,Lost sight
combat.feedback.tag_staggered,STAGGERED
combat.feedback.tag_guarding,GUARDING
# --- magic-core: this group's keys go between the markers (one owner per block); prefix magic.cast.* ---
# --- end magic-core ---
# --- magic-status: prefix magic.status.* ---
magic.status.kindled.name,Kindled
magic.status.kindled.desc,Marked by fire. The third Kindle in a row detonates in a burst that ignites everything it touches.
magic.status.burning.name,Burning
magic.status.burning.desc,Burns for a few seconds. Stacks make it hurt more.
magic.status.chill.name,Chilled
magic.status.chill.desc,Slowed by the cold. A frost hit on a chilled foe freezes it.
magic.status.frozen.name,Frozen
magic.status.frozen.desc,"Frozen solid: cannot move or act for a moment, and brittle. Then immune to freezing for a while."
magic.status.rooted.name,Rooted
magic.status.rooted.desc,Held fast by thorns. Cannot move on foot but can still act.
magic.status.silenced.name,Silenced
magic.status.silenced.desc,Cannot cast. A cast in its wind-up is broken.
magic.status.stormbrand.name,Stormbranded
magic.status.stormbrand.desc,Every lightning hit nearby arcs to this mark.
magic.status.barkskin.name,Barkskin
magic.status.barkskin.desc,"Armour up, and casting cannot be interrupted by a stagger."
magic.status.grave_mark.name,Grave Mark
magic.status.grave_mark.desc,"Takes more damage, and Necrotic lifesteal off it is doubled."
magic.status.swarmed.name,Swarmed
magic.status.swarmed.desc,Stung over time. The swarm jumps to a nearby foe when its bearer dies.
magic.status.soul_echo.name,Soul Echo
magic.status.soul_echo.desc,Each kill returns mana while the echo lasts.
magic.status.stunned.name,Stunned
magic.status.stunned.desc,Cannot act or move for a moment. Immune to stuns afterwards.
magic.status.decay.name,Decaying
magic.status.decay.desc,"Rotting flesh. Hurts over time, stacks, and Knit Bone mends more for each stack."
magic.status.regrowth.name,Regrowth
magic.status.regrowth.desc,Heals a little each second.
magic.status.arcane_ward.name,Arcane Ward
magic.status.arcane_ward.desc,"Absorbs a fixed amount of damage, then breaks. Unspent, it returns some mana."
magic.status.combo.shatter.name,Shatter
magic.status.combo.thermal_shock.name,Thermal Shock
magic.status.combo.meltdown.name,Meltdown
magic.status.combo.steam_burst.name,Steam Burst
magic.status.combo.superconduct.name,Superconduct
magic.status.combo.smoke_out.name,Smoke Out
# --- end magic-status ---
# --- magic-learning: prefix magic.learn.* and magic.book.* ---
magic.learn.learned,Spell learned: {0}
magic.learn.learned_corrupt,"Spell learned: {0}. A corrupted craft, taken knowingly."
magic.learn.refused_tier,"{0} is out of reach: it needs {1}, and you are {2}."
magic.learn.refused_known,You already know {0}.
magic.learn.refused_sealed,The tome is sealed. Whatever guards it is still guarding it.
magic.learn.confirm_corrupt,{0} feeds on the dying Weave. Interact again to take it.
magic.learn.rank_up,{0} mastery reaches rank {1}
magic.learn.tome_prompt,Recover {0}
magic.learn.tome_prompt_corrupt,Take the corrupted words: {0}
magic.learn.tome_prompt_known,{0} (already known)
magic.learn.tome_prompt_locked,{0} (out of reach)
magic.learn.tome_prompt_blank,Study the tome
magic.book.weave_strong,strong
magic.book.weave_thinning,thinning
magic.book.weave_frayed,frayed
magic.book.weave_failing,failing
magic.book.weave_chip,Weave {0} ({1}%)
magic.book.weave_line,"The Weave here is fading. Ordinary spells: {0}% power, {1}% mana. Corrupted spells: {2}% power, {3}% mana."
magic.book.weave_spell,"Here: {0}% power, {1}% mana"
magic.book.rank_short,Rank {0}/{1}
magic.book.rank_progress,Rank {0}/{1}: {2} of {3} casts to the next rank
magic.book.rank_maxed,Rank {0}/{1}: mastered
magic.book.perk_power,Every rank: +{0}% damage and healing
magic.book.perk_cooldown,Rank {0}: cooldowns {1}% shorter. Rank {2}: {1}% shorter again
magic.book.perk_attune,"Rank {0}: attunement, +{1} resistance to {2} damage"
magic.book.windup_chip,wind-up {0}s
magic.book.windup_label,Wind-up
magic.book.seconds,{0}s
magic.book.health_cost_label,Health cost
magic.book.here_value,{0} (now {1})
magic.book.applies_chip,applies {0}
magic.book.status_line,"Lasts {0}s, up to {1} stacks"
magic.book.locked,Locked: needs {0}. You are {1}.
magic.book.embrace,Embrace ({0})
magic.book.embrace_confirm,Confirm ({0})
magic.book.embrace_warning,This craft feeds on the dying Weave. Press again to take it.
magic.book.delivery_ground,Ground
magic.book.delivery_barrier,Barrier
magic.book.delivery_dash,Dash
magic.book.rule.ground,Lands where you aim after {0}s. A ring on the ground shows where and when.
magic.book.rule.pull,Pulls foes toward its centre.
magic.book.rule.barrier,A wall across your aim for {0}s.
magic.book.rule.barrier_solid,Solid: it stops bodies.
magic.book.rule.barrier_hazard,A hazard: bodies can walk into it.
magic.book.rule.barrier_shots,It stops projectiles.
magic.book.rule.barrier_breakable,It breaks after {0} damage.
magic.book.rule.dash,"Dashes {0} m along your aim, striking what you pass."
magic.book.rule.blink,Teleports up to {0} m along your aim; a wall stops you short.
magic.book.rule.homing,Homes on foes within {0} m.
magic.book.rule.zone,Leaves a lingering zone for {0}s.
magic.book.rule.totem,Leaves a totem for {0}s.
magic.book.rule.mark,Marks the target; other spells read the mark.
magic.book.rule.silence,Silences the target and interrupts a cast in its wind-up.
magic.book.rule.root,Roots the target in place.
magic.book.rule.stun,Stuns the target.
magic.book.rule.consumes,Consumes a status on the target for extra damage.
magic.book.rule.health_cost,Costs {0} health.
magic.book.rule.unblockable,A guard does not stop it.
magic.book.rule.hyperarmour,A stagger cannot cancel the cast.
magic.book.hud_silenced,Silenced
magic.book.hud_rooted,Rooted
magic.book.hud_stunned,Stunned
magic.book.hud_health_cost,{0} hp
magic.book.hud_mana_short,need {0} more
# --- end magic-learning ---
# --- magic-content: prefix spell.<id>.name / spell.<id>.desc ---
spell.emberlash.name,Emberlash
spell.emberlash.desc,"A fast, cheap bolt of flame that leaves a Kindled stack on its target; the third stack detonates."
spell.flame_lance.name,Flame Lance
spell.flame_lance.desc,"Hold to draw a piercing lance of fire; a fuller draw pierces more foes, hits harder and burns longer."
spell.pyre_wall.name,Pyre Wall
spell.pyre_wall.desc,"Raise a line of fire that burns whatever crosses it and eats arrows, but does not stop bodies."
spell.sunfall.name,Sunfall
spell.sunfall.desc,"Call a meteor down on the aim point after a short warning; a direct hit crushes a raised guard."
spell.rime_shard.name,Rime Shard
spell.rime_shard.desc,"A quick shard of ice that chills its target; a shard into a chilled foe freezes it."
spell.frost_nova.name,Frost Nova
spell.frost_nova.desc,"A ring of cold around you that chills everything close; anything already chilled freezes."
spell.blizzard.name,Blizzard
spell.blizzard.desc,"A lingering storm around you that slows foes and stacks chill on every pulse; you can be caught in your own."
spell.glacial_bulwark.name,Glacial Bulwark
spell.glacial_bulwark.desc,"Raise a wall of solid ice that stops bodies and projectiles until it is broken or fades."
spell.ball_lightning.name,Ball Lightning
spell.ball_lightning.desc,"A slow homing orb that chains to a nearby foe where it lands and prefers a Stormbranded target."
spell.storm_conduit.name,Storm Conduit
spell.storm_conduit.desc,"Hold to channel a beam of lightning; you are slowed and can be interrupted while it runs, and it chains to a Stormbranded foe."
spell.thunder_step.name,Thunder Step
spell.thunder_step.desc,"Dash along your aim, striking everything you pass and stunning the last foe struck."
spell.stormbrand.name,Stormbrand
spell.stormbrand.desc,"Brand a foe so that every lightning hit within range arcs to the brand."
spell.null_lance.name,Null Lance
spell.null_lance.desc,"A lance of unmaking that strips a benefit from its target and silences it, interrupting a caster mid wind-up."
spell.arcane_shield.name,Arcane Shield
spell.arcane_shield.desc,"A ward that absorbs a fixed amount of damage and breaks with a flash; an unspent ward returns a share of its mana."
spell.blink.name,Blink
spell.blink.desc,"Step along your aim and reappear, stopped short by a wall; a shorter jump costs less mana."
spell.gravity_well.name,Gravity Well
spell.gravity_well.desc,"Mark the ground and, after a warning, pull every foe in the area toward its centre."
spell.mending_bloom.name,Mending Bloom
spell.mending_bloom.desc,"Mend your wounds at once and leave a Regrowth that keeps healing for a time."
spell.lifebloom_totem.name,Lifebloom Totem
spell.lifebloom_totem.desc,"Plant a totem that heals you over time; foes can destroy it."
spell.thornsnare.name,Thornsnare
spell.thornsnare.desc,"Thorns erupt over an area and root every foe in it; they shrug off further control for a while."
spell.stinging_swarm.name,Stinging Swarm
spell.stinging_swarm.desc,"Loose a swarm that stings its target over time and jumps to a nearby foe if the bearer dies."
spell.barkskin.name,Barkskin
spell.barkskin.desc,"Harden your skin for a few seconds, raising armour and making your casting impossible to stagger."
spell.ember_siphon.name,Ember Siphon
spell.ember_siphon.desc,"A corrupted lance of ash-fire that drains a foe and heals you more the lower its health; only the Marked can wield it."
spell.soul_tithe.name,Soul Tithe
spell.soul_tithe.desc,"Pay health for a heavy blow; if it kills, the spell returns mana."
spell.knit_bone.name,Knit Bone
spell.knit_bone.desc,"Cleanse a Decay affliction from yourself and heal more for each stack it removed."
spell.grave_mark.name,Grave Mark
spell.grave_mark.desc,"Mark a foe so it takes more damage; necrotic lifesteal drawn from a marked foe doubles."
spell.teach.ask_menu,Ask whether they teach any spellcraft.
spell.teach.back,Never mind.
spell.teach.thanks,Thank them.
spell.mending_bloom.ask,Ask to be taught Mending Bloom.
spell.teach.apothecary,"Mirela wipes her hands on her apron. 'I cannot spare a tonic, but I can spare a word. Mending Bloom is a herb-wife's charm, and I will show it to anyone who means to use it kindly.'"
spell.teach.apothecary.taught,"She guides your hands through the shape twice, then makes you do it alone. It holds on the third try."
spell.stinging_swarm.ask,Ask to be taught Stinging Swarm.
spell.teach.hunter_tracker,"Halda glances up from the cast. 'Wasp-wives taught me one trick for things too big to fight. I can teach you the rest of it.'"
spell.teach.hunter_tracker.taught,"She sets a paper nest between you and a post and shows you how to shake it loose without being stung. By dusk it answers your hand."
spell.barkskin.ask,Ask to be taught Barkskin.
spell.teach.hunter_master,"The Huntmaster shuts her field book. 'A hunter who cannot take a hit is a hunter for a season. There is a way of holding the body the way a tree holds itself.'"
spell.teach.hunter_master.taught,"She has you stand under the lodge roof's edge in the rain until you stop feeling it. Then she shows you what you were doing."
spell.rime_shard.ask,Ask to be taught Rime Shard.
spell.frost_nova.ask,Ask to be taught Frost Nova.
spell.teach.clan_hearthkeeper,"Vetle nods at the fire. 'The cold is a tool once you stop arguing with it. I know two ways of handing it to another. Pick one.'"
spell.teach.clan_hearthkeeper.taught,"He takes your hands and holds them out to the fire, then turns them over. 'Now the other way. That is all of it.'"
spell.glacial_bulwark.ask,Ask to be taught Glacial Bulwark.
spell.teach.clan_chief,"Hjalvar looks you over. 'The hold has stood because a wall of ice stands when a wall of men does not. I will teach you the wall.'"
spell.teach.clan_chief.taught,"He walks you out into the snow and shows you where the ice wants to rise. It rises for you on the second try."
spell.thunder_step.ask,Ask to be taught Thunder Step.
spell.teach.clan_exile,"Halvar turns his stump to the fire. 'I lost this hand keeping up with the storm. I did not lose how I did it. Ask, and I will show you.'"
spell.teach.clan_exile.taught,"He has you run at the dark until the air cracks under your feet. On the third run it answers."
spell.thornsnare.ask,Ask to be taught Thornsnare.
spell.teach.clan_beast_tamer,"Yrsa scratches something unseen behind the ear. 'Things that will not stay put need a lesson in staying put. There is a bramble-word for it.'"
spell.teach.clan_beast_tamer.taught,"She murmurs it once, then makes you say it to a patch of frozen bracken. It grows up around your boot, and she laughs."
spell.flame_lance.ask,Ask to be taught Flame Lance.
spell.teach.dawnwarden_serjeant,"Rook shifts the duty board under his arm. 'Wardens carry a lance of fire for what the sword will not reach. I can show you the draw, if you can keep quiet while I do.'"
spell.teach.dawnwarden_serjeant.taught,"He walks you through the draw slowly, hold and loose, and corrects your grip on the air twice. 'Good enough for a Warden.'"
spell.sunfall.ask,Ask to be taught Sunfall.
spell.teach.dawnwarden_captain,"The Captain closes the ledger. 'The dawn falls where we say it falls. I do not teach it to just anyone, but you have not yet given me a reason to refuse.'"
spell.teach.dawnwarden_captain.taught,"He marks a point on the courtyard with his boot and tells you to call the sun onto it. The flagstone is scorched by evening."
spell.pyre_wall.ask,Ask to be taught Pyre Wall.
spell.teach.emberbound_warder,"Cass does not move. 'The pedestal is not for you. The fire that guards it is a separate matter, and that I can teach.'"
spell.teach.emberbound_warder.taught,"He draws a line in the dust and tells you to make it burn. It takes a while, and he watches every attempt."
spell.ember_siphon.ask,Ask to be taught Ember Siphon.
spell.teach.emberbound_hierarch,"The Hierarch lowers her lamp. 'There is a rite for those who have carried embers a while. It would slide off anyone who has not. You have, I think.'"
spell.teach.emberbound_hierarch.taught,"The words take hold of you where the ash already has. The lamp gutters, and Selane smiles without warmth."
spell.null_lance.ask,Ask to be taught Null Lance.
spell.teach.archive_reader,"Ferris looks up, annoyed to be caught. 'The Archive has a lance in the margin of a book on unmaking. I have copied it out. You may as well have it.'"
spell.teach.archive_reader.taught,"He turns the copied page toward you and reads it aloud in a flat voice. The words settle in your head like a coin in a purse."
spell.arcane_shield.ask,Ask to be taught Arcane Shield.
spell.gravity_well.ask,Ask to be taught Gravity Well.
spell.teach.archive_steward,"Coran blots a sheet. 'Two workings are kept in the annexe ledgers that were never meant for the shelves: a ward and a well. Which shall I copy for you?'"
spell.teach.archive_steward.taught,"He copies the working onto a clean sheet, has you read it back, then burns the sheet. 'The Archive does not keep spare copies.'"
spell.blink.ask,Ask to be taught Blink.
spell.teach.sunspire_archivist,"Seren finally lifts her eyes. 'The old scholars had a step for crossing the sand between the shelves. Would you like it?'"
spell.teach.sunspire_archivist.taught,"She turns a page you were not supposed to be able to see. When you look up, you are on the far side of the reading desk."
spell.lifebloom_totem.ask,Ask to be taught Lifebloom Totem.
spell.teach.sunspire_wellkeeper,"Oda leans on the well-rope. 'A green thing planted at a well lives on other people's kindness. I know how to plant one that gives back.'"
spell.teach.sunspire_wellkeeper.taught,"She has you press a seed into the sand and hum. It grows knee-high before she has finished scolding your tune."
spell.knit_bone.ask,Ask to be taught Knit Bone.
spell.teach.ashen_mender,"Ada tears a strip of linen without looking. 'Wounds and rot both. There is a way to knit a body and draw the rot out first. It is not pretty.'"
spell.teach.ashen_mender.taught,"She holds your wrist and shows you where to push. 'Rot first, then bone. Never the other way round.'"
spell.soul_tithe.ask,Ask to be taught Soul Tithe.
spell.teach.undying_steward,"Ismene folds the proclamation. 'The Concord pays its debts in the coin it has most of. I can teach you the paying.'"
spell.teach.undying_steward.taught,"It costs you something small and warm, and the working takes it. 'That is the tithe. Spend it well.'"
spell.grave_mark.ask,Ask to be taught Grave Mark.
spell.teach.undying_clockkeeper,"Corwen taps the dial. 'Everything here is marked with the hour it will stop. I can teach you to mark things that have not stopped yet.'"
spell.teach.undying_clockkeeper.taught,"He shows you how to hold the mark in your mind like a number on a dial. Then he sets the clock a minute back for luck."
# --- end magic-content ---
# --- BEGIN campaign:core ---
# --- END campaign:core ---
# --- BEGIN campaign:spec1 ---
quest.main.smoke_over_the_square.title,Smoke over the Square
quest.main.smoke_over_the_square.summary,"Black smoke stands over the north road and the Elder has stopped calling it a hearth fire. Ring the alarm bell, hold the square, and learn why a goblin warband is marching in daylight."
quest.main.smoke_over_the_square.detail,"Goblins raid at night, in threes, and run when they bleed. This warband walked up the Kingsway at noon in step. The Elder wants the old bell by the Waystone rung and the square held until the town has barred its doors. Whoever is giving the orders has put a warband at the gate, and the town has you and a well."
quest.main.smoke_over_the_square.obj_warn,Hear the Elder out
quest.main.smoke_over_the_square.hint_warn,The Elder stands by the Waystone in the Crown Square.
quest.main.smoke_over_the_square.log_warn,The Elder pointed north at the smoke and told you to ring the bell.
quest.main.smoke_over_the_square.obj_bell,Ring the alarm bell by the Waystone
quest.main.smoke_over_the_square.hint_bell,"The bell hangs from a post beside the Waystone, a few paces from the Elder."
quest.main.smoke_over_the_square.log_bell,You rang the bell. Shutters banged shut across the square.
quest.main.smoke_over_the_square.obj_carter,Help the wounded carter indoors
quest.main.smoke_over_the_square.hint_carter,A carter lies against the trough at the north edge of the square. Optional.
quest.main.smoke_over_the_square.log_carter,You got the carter under a roof before the second wave.
quest.main.smoke_over_the_square.obj_hold,Hold the square against the raiders
quest.main.smoke_over_the_square.hint_hold,Stay near the well and the Waystone and cut down what reaches you. Holding your ground is what counts.
quest.main.smoke_over_the_square.log_hold,The raiders broke on the stones of the square and ran.
quest.main.smoke_over_the_square.obj_report,Tell the Elder it is over
quest.main.smoke_over_the_square.hint_report,Return to the Elder at the Waystone.
quest.main.smoke_over_the_square.log_report,The Elder turned a black-iron token over in his fingers and did not like it.
quest.main.the_pass_kept.title,The Pass Kept
quest.main.the_pass_kept.summary,"Twelve years ago Kael Aldemar's sword-brother held the old Ashfall pass so the Emberguard could run. Black iron on a raider has sent you to look at it. Walk out to the Ashen Breach, see what was left there, and take it to Kael."
quest.main.the_pass_kept.detail,"The Emberguard held a cut in the eastern hills until the Breach opened and the ash came down. Kael ran. Toren did not. The goblins took everything of his but the name, and somebody has kept his cairn ever since. The Citadel's scrip is stamped square. Something at that cairn is not."
quest.main.the_pass_kept.obj_pass,"Walk out to the Ashen Breach, the old Ashfall pass"
quest.main.the_pass_kept.hint_pass,"East of the capital, in the hills past the mine road: look for the burnt cut and follow the dead grass."
quest.main.the_pass_kept.log_pass,The Breach is a wound in the hills. The old road runs through it and ends in sky.
quest.main.the_pass_kept.obj_kael_escort,Walk Kael out to the Breach
quest.main.the_pass_kept.hint_kael_escort,Optional. Kael is in your party: keep him with you on the walk and he will come to the cut. Do not leave him behind.
quest.main.the_pass_kept.log_kael_escort,Kael walked the old road beside you and stopped at the mouth of the cut without being asked.
quest.main.the_pass_kept.obj_cairn,Find Toren's cairn in the cut
quest.main.the_pass_kept.hint_cairn,The cairn stands near the rubble heap at the western mouth of the cut.
quest.main.the_pass_kept.log_cairn,"Black stones, stacked shoulder high, and a name cut under a buckle: TOREN. HE HELD."
quest.main.the_pass_kept.obj_token,Take the black-iron token from the cairn
quest.main.the_pass_kept.hint_token,It lies on the cap-stone. Pick it up.
quest.main.the_pass_kept.log_token,"You took a round black token with a ring cut into it, broken at the top."
quest.main.the_pass_kept.obj_kael,Show the token to Kael Aldemar
quest.main.the_pass_kept.hint_kael,"Kael is in the Crown Square, sharpening a blade that does not need it."
quest.main.the_pass_kept.log_kael,Kael would not keep the token. He thinks it was left for you.
quest.main.crossway_whispers.title,Whispers at the Crossway
quest.main.crossway_whispers.summary,"Every cart that goes north passes the Wardens' post at the Crossway, and its captain has been told not to open the ones sealed for the Citadel. Walk the road north, hear Captain Fenn out, and open what he cannot."
quest.main.crossway_whispers.detail,"Arms do not fall from the sky. Someone forged the spearheads the raiders carried, someone carted them north under seal, and someone at the Crossway counted them through. Captain Fenn has twelve wardens for a road that needs forty and a letter forbidding him to look in the wrong crate. There is a crate in the impound that nobody is allowed to open. You are not a warden."
quest.main.crossway_whispers.obj_post,Reach the Wardens' post at the Crossway
quest.main.crossway_whispers.hint_post,"North up the Kingsway from the capital, past the north moor, to the gate with the towers."
quest.main.crossway_whispers.log_post,"The Crossway post: two towers, a gate, and a road that everything north has to use."
quest.main.crossway_whispers.obj_fenn,Put the banner's stamp to Captain Fenn
quest.main.crossway_whispers.hint_fenn,Fenn keeps the gate ledger by the door of the keep.
quest.main.crossway_whispers.log_fenn,Fenn said he could not cut the seal on the impounded crate himself. He did not say you could not.
quest.main.crossway_whispers.obj_crate,Open the sealed crate at the Impound Counter
quest.main.crossway_whispers.hint_crate,"The Impound Counter is at the east end of the post, beyond the Search Table, with the clerk standing over it."
quest.main.crossway_whispers.log_crate,"Forty unfinished spearheads in garrison straw, each stamped twice: the Citadel's square, and a ring with a gap."
quest.main.crossway_whispers.obj_armed,Find out who signed for the warband's arms
quest.main.crossway_whispers.hint_armed,"Take the stamps to Fenn. The Iron Syndicate broker at Hollowreach sells that kind of reading for gold, and the carter ledger at the Search Table is there for anyone quick."
quest.main.crossway_whispers.log_armed,The quartermaster's mark is the Marshal's. Now you know whose name is on the arms.
quest.main.citadel_approach.title,Under the Iron Banner
quest.main.citadel_approach.summary,"The Iron King's garrison sits on the spur above the capital, and the Marshal who signs for its arms has not been seen in a year. Climb to the Citadel, put out the signal fire before it calls the rest, and learn whether Orsolo Dray is a traitor or a prisoner."
quest.main.citadel_approach.detail,"The Citadel has two ways in: the front ramp, which is watched, and a postern in the west wall that a wounded scout may have mentioned. The brazier at the ramp keeps burning because it is a signal; every pair of sentries you cut down is replaced from the garrison hall until its smoke goes out. In the lowest cell of that hall sits the man whose name is on the arms, and what you do with him is yours to answer for."
quest.main.citadel_approach.obj_ramp,Climb to the Iron Citadel's ramp
quest.main.citadel_approach.hint_ramp,The Kingsway climbs to the spur from the capital's north gate. Keep to the road until you see the braziers.
quest.main.citadel_approach.log_ramp,"The ramp is lined with black banners. Two braziers burn on it, and one of them is not for warmth."
quest.main.citadel_approach.obj_sentries,Cut down the sentries at the ramp
quest.main.citadel_approach.hint_sentries,"They stand in pairs and relight the signal when hurt. Fight on the ramp, not in the open."
quest.main.citadel_approach.log_sentries,The ramp sentries are down. Their smoke still climbs.
quest.main.citadel_approach.obj_postern,Cut down the sentries at the postern
quest.main.citadel_approach.hint_postern,The scout's drain door lets you in behind the ramp. Only three stand between it and the court.
quest.main.citadel_approach.log_postern,You came in by the drain door and the court was half empty.
quest.main.citadel_approach.obj_brazier,Douse the signal brazier
quest.main.citadel_approach.hint_brazier,The west ramp brazier is the one that never goes out. Put it out and the replacements stop.
quest.main.citadel_approach.log_brazier,The signal is out. Nothing is coming up the ramp behind you.
quest.main.citadel_approach.obj_dray,Find Marshal Orsolo Dray in the garrison hall
quest.main.citadel_approach.hint_dray,"The cell is in the lowest level of the garrison hall, behind the court well."
quest.main.citadel_approach.log_dray,Dray is chained in the lowest cell. He signed for the arms until the day he stopped.
quest.main.citadel_approach.obj_decide,Decide what becomes of the Marshal
quest.main.citadel_approach.hint_decide,Cut his chains or press him for what he knows. Speak to him again if you walked away.
quest.main.citadel_approach.log_decide,"You settled it. Whatever it was, you will be asked about it again."
quest.main.iron_king.title,The Iron King
quest.main.iron_king.summary,"The warband is broken, and every scrip, ledger and chained marshal points up the long road to the Ember Arena, where the first Flamebearer keeps his court of iron. Light the brazier, end it, and find out who has been watching from the gallery."
quest.main.iron_king.detail,"The Iron King was the first of the seven to be given the fire, and he has had a long time to decide what it is for. He holds the arena the way he held the Kingsway: closed to everyone but his own. The brazier at the sand's edge calls him out. Afterwards the Elder will want to hear all of it, including whatever you were not expecting."
quest.main.iron_king.obj_king,Defeat the Iron King in the Ember Arena
quest.main.iron_king.hint_king,Light the challenge brazier at the edge of the sand. In the second phase the garrison comes down to him: use the pillars.
quest.main.iron_king.log_king,"The Iron King fell, and his ember lay on the sand like a second sun."
quest.main.iron_king.obj_rival,Speak to the rider in the arena gallery
quest.main.iron_king.hint_rival,A rider in black iron sits in the royal box above the sand. Walk up the gallery stair.
quest.main.iron_king.log_rival,A tall rider in black iron watched the whole fight and spoke to you after.
quest.main.iron_king.obj_elder,Return to the Elder with what you learned
quest.main.iron_king.hint_elder,The Elder is at the Waystone in the Crown Square.
quest.main.iron_king.log_elder,"The Elder sang a counting rhyme about a stair, five who fell, and one who stayed to kneel."
quest.main.last_hearth.title,Last Hearth
quest.main.last_hearth.summary,"Eleven survivors keep one fire beside the scar road, and the wolves that used to come to the fence in threes now come in thirties. Reach Last Hearth, hear Maeve Ashby out, hold the fence when the light drops, and see what Ada Voss can do with what the ash is doing to her patients."
quest.main.last_hearth.detail,"Last Hearth is two roofless houses, a tent line and a fire. The beasts of the scar have always been dangerous, and lately they have become organised. Maeve will not leave and will not ask anyone to stay. Ada Voss burns what the ash gets into, and she is running out of things to burn."
quest.main.last_hearth.obj_hearth,Reach Last Hearth in the Ashen Wilds
quest.main.last_hearth.hint_hearth,"Go through the Ashen Breach east of the capital, then follow the scar road to the one lit fire."
quest.main.last_hearth.log_hearth,"Last Hearth is a fire, two roofless houses, and eleven people who stopped expecting company."
quest.main.last_hearth.obj_maeve,Speak with Maeve Ashby
quest.main.last_hearth.hint_maeve,"Maeve sits by the fence, ten paces nearer the dark than anyone else."
quest.main.last_hearth.log_maeve,"Maeve said the wolves have started to come in thirties, standing in a ring, waiting."
quest.main.last_hearth.obj_fence,Hold the fence at Last Hearth
quest.main.last_hearth.hint_fence,"Keep your back to the fire and fight at the fence line. They come in a ring, not a line."
quest.main.last_hearth.log_fence,"The wolves broke at the fence and went back into the scar all at once, as if something had called them off."
quest.main.last_hearth.obj_herbs,Gather three healing herbs for Ada Voss
quest.main.last_hearth.hint_herbs,Healing herb grows in the green patches at the edge of the scar. Optional: Ada can make a calming smoke from it.
quest.main.last_hearth.log_herbs,You brought Ada herbs for a calming smoke.
quest.main.last_hearth.obj_ada,See to Ada Voss's wounded
quest.main.last_hearth.hint_ada,Ada works in the tent line by the second house.
quest.main.last_hearth.log_ada,"Ada said the ash is calling both the wolves and her patients, and sent you to the Hunters' station."
quest.main.herd_and_hearth.title,Herd and Hearth
quest.main.herd_and_hearth.summary,"Something on the plateau is calling the beasts of the scar, and Last Hearth is in the way. Climb to the Ash Hunters' station, read three tracks yourself, find where the herds meet, and decide what to do with them."
quest.main.herd_and_hearth.detail,"Hask Morrow counts packs the way other men count coin, and his numbers have stopped adding up: wolf and elk and boar walking the same road in step, at night, towards the plateau. Predator and prey do not do that. The three tracks he has staked are all he has. Where they meet is a herd the Hunters cannot name and a choice nobody else wants to make."
quest.main.herd_and_hearth.obj_rise,Climb to the Ash Hunters' station on Hunters' Rise
quest.main.herd_and_hearth.hint_rise,"Follow the scar road north and east from Last Hearth, up the rise that watches the plateau road."
quest.main.herd_and_hearth.log_rise,"The Hunters' station looks down the whole scar road, and the road is full of ash."
quest.main.herd_and_hearth.obj_hask,Hear Hask Morrow's count
quest.main.herd_and_hearth.hint_hask,Hask is at the rail of the rise with his hand over his eyes.
quest.main.herd_and_hearth.log_hask,Hask has staked three tracks. He says the herds are walking in step.
quest.main.herd_and_hearth.obj_track_a,Read the first beast track
quest.main.herd_and_hearth.hint_track_a,Hask's first red stake is at the foot of the rise beside the scar road.
quest.main.herd_and_hearth.log_track_a,"Elk and wolf, walking together. Neither ran."
quest.main.herd_and_hearth.obj_track_b,Read the second beast track
quest.main.herd_and_hearth.hint_track_b,"The second stake is a little higher on the rise, where the road bends towards the wall."
quest.main.herd_and_hearth.log_track_b,The maw tracks keep station beside the elk. Every print points towards the wall.
quest.main.herd_and_hearth.obj_track_c,Read the third beast track
quest.main.herd_and_hearth.hint_track_c,The third stake is where the road meets the plateau ramp. Hask says the trail starts there.
quest.main.herd_and_hearth.log_track_c,"A road trampled hand-deep, and a ring of stones set around a single antler."
quest.main.herd_and_hearth.obj_trail,Follow the tracks to where the herds gather
quest.main.herd_and_hearth.hint_trail,The three tracks join at the foot of the plateau ramp. Walk the trampled road to its end.
quest.main.herd_and_hearth.log_trail,"Forty animals of six kinds, standing shoulder to shoulder in the ash, waiting."
quest.main.herd_and_hearth.obj_herd,Decide what to do with the herd
quest.main.herd_and_hearth.hint_herd,"Cull the herd, or break the call with calming smoke. The smoke needs three healing herbs."
quest.main.herd_and_hearth.log_herd,You stood in front of them and picked.
quest.main.herd_and_hearth.obj_decide,Settle the herd's fate
quest.main.herd_and_hearth.hint_decide,"Speak to the herd again if you walked away. Cull it, or burn three healing herbs for the smoke."
quest.main.herd_and_hearth.log_decide,The herd has your answer.
quest.main.herd_and_hearth.obj_cull,Cut down the herd's lead wolves
quest.main.herd_and_hearth.hint_cull,"The wolves come first and the rest follow. Fight on the ramp road, not in the open ash."
quest.main.herd_and_hearth.log_cull,The lead wolves are dead and the herd with them.
quest.main.herd_and_hearth.obj_smoke,Keep the smoke burning while the herd settles
quest.main.herd_and_hearth.hint_smoke,Stay upwind of the coals and keep the herbs burning. The wolves will test you once.
quest.main.herd_and_hearth.log_smoke,The smoke held. The herd forgot what it had been called to do.
quest.main.beast_lord.title,The Fourth Flamebearer
quest.main.beast_lord.summary,"The herds are quiet or gone, and the plateau road is open. The Beast Lord's brazier is cold and will take your flame. When he falls, tell Last Hearth the wolves will stop coming."
quest.main.beast_lord.detail,"He was a Flamebearer who walked into the Wilds alone to cure the corruption at its root, and he did not walk out. Hask says the rot offered him strength that never tires and senses that never sleep, and he accepted a little at a time. The beasts go to him. Whatever is left of the man still answers to his name."
quest.main.beast_lord.obj_hearsay,Ask Hask about the lights on the plateau road
quest.main.beast_lord.hint_hearsay,Hask has been watching the plateau road since the herds went quiet. Optional.
quest.main.beast_lord.log_hearsay,Hask saw a rider in black iron stop at the foot of the ramp and ride back down.
quest.main.beast_lord.obj_lord,Defeat the Beast Lord on his plateau
quest.main.beast_lord.hint_lord,"Light the blighted brazier at the head of the ramp. In the second phase he calls his pack, and in the third the scar answers."
quest.main.beast_lord.log_lord,"The Beast Lord fell, and the Wilds went quiet the way a forest does when the hunter has gone."
quest.main.beast_lord.obj_maeve,Tell Maeve the plateau is quiet
quest.main.beast_lord.hint_maeve,Maeve is at the fence at Last Hearth.
quest.main.beast_lord.log_maeve,Maeve said she may sleep a night through for the first time in thirty years.
quest.main.closed_hold.title,The Closed Hold
quest.main.closed_hold.summary,"The clans of Frostfang Reach have shut their hold to the south, and the three scout cairns on the north ridge have gone dark. The Storm Tyrant's motes ride the high passes. Reach the Clan Hold, draw flint and oil from Sigrun, relight the cairns, and be standing in the hold when the storm answers."
quest.main.closed_hold.detail,"A dark cairn is a hole in the hold's eyes. It is how the vale sees weather coming and how the eight clans know to wake, and all three went out in the same moon. The Stormbound do not ask for help, and Hjalvar is not asking now; he is simply failing to turn you away. Sigrun counts oil in lamp-fulls and will not part with it for nothing, so she will want your name on her tally."
quest.main.closed_hold.obj_hold,Reach the Frostfang Clan Hold
quest.main.closed_hold.hint_hold,The Frostfang door is at the north end of the Ember Crown. Follow the Stormbound Vale road to the hold at its head.
quest.main.closed_hold.log_hold,"The hold's gate was shut. It opened for you, narrowly."
quest.main.closed_hold.obj_hjalvar,Hear Hjalvar Stormbound out
quest.main.closed_hold.hint_hjalvar,Hjalvar sits by the moot ring in the middle of the hold.
quest.main.closed_hold.log_hjalvar,"Hjalvar said the north cairns have gone dark, all three in one moon."
quest.main.closed_hold.obj_sigrun,Draw cairn oil and flint from Sigrun Ironhand
quest.main.closed_hold.hint_sigrun,Sigrun keeps the stores by the long shed. She counts twice.
quest.main.closed_hold.log_sigrun,Sigrun counted the oil out twice and wrote your name beside it.
quest.main.closed_hold.obj_cairn_s,Relight the south scout cairn
quest.main.closed_hold.hint_cairn_s,The first cairn stands on the rise where the north road leaves the hold.
quest.main.closed_hold.log_cairn_s,The south cairn burns small and white.
quest.main.closed_hold.obj_cairn_m,Relight the middle scout cairn in the pass
quest.main.closed_hold.hint_cairn_m,North of the hold the road climbs into the pass. The second cairn is on the wind-scoured saddle.
quest.main.closed_hold.log_cairn_m,A scout's mitten was frozen to the rim of the middle cairn. You left it where it was.
quest.main.closed_hold.obj_cairn_n,Relight the north scout cairn on the glacier
quest.main.closed_hold.hint_cairn_n,The last cairn is on the blue ice at the head of the pass.
quest.main.closed_hold.log_cairn_n,"All three cairns burn. Far to the north-east, something blue answers them."
quest.main.closed_hold.obj_raid,Hold the Clan Hold when the storm answers
quest.main.closed_hold.hint_raid,Fall back to the moot ring and fight with the shield wall at your back. The motes are fast and fragile: do not chase them.
quest.main.closed_hold.log_raid,The storm broke on the hold's shield wall. Hjalvar took a bolt through the shoulder and stayed on his feet.
quest.main.succession.title,Who the Clans Follow
quest.main.succession.summary,"The storm took Hjalvar's shoulder, and the clans will not march on the Stormcrown behind a chief who cannot climb. Two men claim the right to lead them: the hold's own chief, and the exile who lost a hand to his judgement. Both want the one thing the clans cannot give themselves: a stranger's hand on the moot stone."
quest.main.succession.detail,"The Stormbound's law is older than the hold: a chief who cannot lead into the storm names who will, or the clans do not go. Hjalvar would hold the passes and let the Tyrant's storm wear itself out on the wall. Halvar One-Hand would take a small party up the old winches at Stormfall and be at the Stormcrown before the next storm rises. Either way, someone has to put the ember on the stone."
quest.main.succession.obj_hjalvar,Hear Hjalvar's claim
quest.main.succession.hint_hjalvar,"Hjalvar is on the bench by the moot ring, shoulder bound."
quest.main.succession.log_hjalvar,Hjalvar would hold the passes and let the storm break itself on the wall.
quest.main.succession.obj_halvar,Hear Halvar One-Hand's claim
quest.main.succession.hint_halvar,"Halvar's fire is outside the hold's gate, a little too far away to be an accident."
quest.main.succession.log_halvar,Halvar would take a small party up the old winches and be at the Stormcrown by morning.
quest.main.succession.obj_stone,Lay your hand on the moot stone
quest.main.succession.hint_stone,The moot stone stands in the middle of the moot ring. The eight clans are waiting.
quest.main.succession.log_stone,You stood at the stone with eight clans watching.
quest.main.succession.obj_decide,Choose who the clans follow
quest.main.succession.hint_decide,Stand at the moot stone again if you walked away. Hjalvar holds; Halvar strikes.
quest.main.succession.log_decide,The stone has been named. The clans moved.
quest.main.succession.obj_wall,Hold the Stormcrown road while the clans climb
quest.main.succession.hint_wall,"Stand in the track-head under the spire. The clans climb behind you, slowly, and the storm will try the line."
quest.main.succession.log_wall,The clans climbed behind your shield wall and the storm did not break it.
quest.main.succession.obj_winch_a,Crank the first winch at Stormfall
quest.main.succession.hint_winch_a,Two old winches stand at the head of the Stormfall track. Halvar says a Syndicate crew oils them every year.
quest.main.succession.log_winch_a,The first winch turned as if it had been waiting for you.
quest.main.succession.obj_winch_b,Crank the second winch to the Stormcrown ledge
quest.main.succession.hint_winch_b,The second winch hauls the lift up the last stretch of cliff.
quest.main.succession.log_winch_b,"The lift shuddered up past old iron rings, and the spire was at arm's length."
quest.main.storm_tyrant.title,What the Storm Keeps
quest.main.storm_tyrant.summary,"The road to the Stormcrown is open and you stand under the spire. The Third Flamebearer comes down at the challenge brazier. When he falls, tell whoever holds the Stormbound hearth that the sky is quiet."
quest.main.storm_tyrant.detail,"The Storm Tyrant came home from the Celestial stair to find his clan hold burned by men who swore they were saving it, and he has been answering them with lightning for four hundred years. The Stormbound call him the storm and do not say his name. The clans did not go to the Stormcrown when the weather began, and they will not go now, but they have stopped pretending he is only weather."
quest.main.storm_tyrant.obj_tyrant,Break the Storm Tyrant at the Stormcrown
quest.main.storm_tyrant.hint_tyrant,Light the Lightning Rod brazier on the duelling ground. His motes gather early: use the storm pillars for cover.
quest.main.storm_tyrant.log_tyrant,"The Storm Tyrant fell, and for the first time in an age the Stormcrown was quiet."
quest.main.storm_tyrant.obj_duel,Answer the black-iron brazier
quest.main.storm_tyrant.hint_duel,"A black-iron brazier stands cold a few paces from the Lightning Rod. The Ashen Knight will answer it. He yields before he dies: it is a duel, not a kill."
quest.main.storm_tyrant.log_duel,The rider in black iron yielded the field and said you would cross blades again.
quest.main.storm_tyrant.obj_hjalvar,Tell Hjalvar the storm is done
quest.main.storm_tyrant.hint_hjalvar,Hjalvar waits by the hearth in the Clan Hold.
quest.main.storm_tyrant.log_hjalvar,Hjalvar asked you to eat at his hearth as kin.
quest.main.storm_tyrant.obj_halvar,Tell Halvar the storm is done
quest.main.storm_tyrant.hint_halvar,"Halvar sits on the moot stone, which no exile has touched in twenty years."
quest.main.storm_tyrant.log_halvar,The clans asked Halvar to take the high seat. He said he would think.
quest.main.dry_wells.title,Dry Wells
quest.main.dry_wells.summary,"The oldest law in the Dominion is that the water at Saffra Wells is free. This season it tastes of ash. Reach the wells, hear Mother Oda, read the three gauge stones, follow the dead water to the Caravan Gap, and ask the people the Prophet's pilgrims have left behind."
quest.main.dry_wells.detail,"Mother Oda Sarn has kept the wells for forty years and measured every season by three gauge stones the Archive set into the oasis wall. All three have gone grey. Her grandson walked south with the Prophet's people at midsummer, and the water has tasted worse every week since. Idrys Vane's caravans are turning back at the gap. Tamsin Reed walked the pilgrim track twice and will not do it a third time; she is the only one who will say why."
quest.main.dry_wells.obj_wells,Reach Saffra Wells
quest.main.dry_wells.hint_wells,Go south through the Southmarch Gate and across the Caravan Gap. The oasis is the only green for a day's walk.
quest.main.dry_wells.log_wells,"Saffra Wells: a ring of green, a ring of carts, and not one caravan loading."
quest.main.dry_wells.obj_oda,Speak with Mother Oda at the wells
quest.main.dry_wells.hint_oda,Mother Oda keeps the cistern at the centre of the oasis.
quest.main.dry_wells.log_oda,Mother Oda poured a cup of her own water into the sand. She has never done that.
quest.main.dry_wells.obj_gauge_e,Read the east gauge stone
quest.main.dry_wells.hint_gauge_e,"Three gauge stones are set into the oasis wall: east, middle and west. Start with the east."
quest.main.dry_wells.log_gauge_e,The east gauge is grey to the third line.
quest.main.dry_wells.obj_gauge_m,Read the middle gauge stone
quest.main.dry_wells.hint_gauge_m,The middle stone is above the cistern's overflow.
quest.main.dry_wells.log_gauge_m,The middle gauge is grey to the fourth line.
quest.main.dry_wells.obj_gauge_w,Read the west gauge stone
quest.main.dry_wells.hint_gauge_w,The west stone is nearest the road north.
quest.main.dry_wells.log_gauge_w,"The west gauge is black to the top. Whatever fouls the water comes from upstream, and from the south."
quest.main.dry_wells.obj_gap,Follow the dead water north to the Caravan Gap
quest.main.dry_wells.hint_gap,The one gap in the northern escarpment where the road from the Southmarch Gate comes in.
quest.main.dry_wells.log_gap,"At the gap, two hundred pilgrims in red walk south in a line, each carrying a stoppered jar."
quest.main.dry_wells.obj_vane,Hear Idrys Vane out
quest.main.dry_wells.hint_vane,Vane is back at the wells with his turned-back carts.
quest.main.dry_wells.log_vane,Vane has hired four swords this week. He never needed one in twenty years.
quest.main.dry_wells.obj_tamsin,Ask Tamsin Reed what the jars are for
quest.main.dry_wells.hint_tamsin,Tamsin hides behind the cistern's far wall. She walked the pilgrim track twice.
quest.main.dry_wells.log_tamsin,The jars go south to be burned and come back as ash. The pilgrims tip it upstream and call it communion.
quest.main.prophets_flock.title,The Prophet's Flock
quest.main.prophets_flock.summary,"The ash in the wells comes from the Crimson Mission, where the Prophet's flock pours the altar's soot upstream and calls it communion. Walk the pilgrim track to the chapel and decide what becomes of the people who drink it."
quest.main.prophets_flock.detail,"The flock is not an army. It is two hundred people who were told that endings are a mercy, and some of them carry water to the altar twice a day because it is the only thing that quiets the voice. Deacon Haddan Voll keeps the chapel door. You can show them what the water does, you can speak to them in a voice they were waiting to hear, or, if you carry enough of the fire, you can tell them you already hear it too."
quest.main.prophets_flock.obj_chapel,Walk the pilgrim track to the Crimson Mission chapel
quest.main.prophets_flock.hint_chapel,"South from the wells past the red flats, keeping to the pilgrim track. Do not enter the sanctum yet."
quest.main.prophets_flock.log_chapel,The chapel stands in front of the sanctum wall like a sleeve over a fist.
quest.main.prophets_flock.obj_deacon,Speak with Deacon Haddan Voll at the chapel door
quest.main.prophets_flock.hint_deacon,"The deacon stands at the chapel door in red, with a ladle in one hand and a ledger of names in the other."
quest.main.prophets_flock.log_deacon,The deacon asked if you had come to tell him the wells taste of ash.
quest.main.prophets_flock.obj_decide,Decide what becomes of the flock
quest.main.prophets_flock.hint_decide,"Speak to the deacon again if you walked away. Expose the water, turn the flock, or (if the fire in you is strong enough) tell him you already hear it."
quest.main.prophets_flock.log_decide,The flock has your answer.
quest.main.prophets_flock.obj_zealots,Drive off the zealots who will not hear it
quest.main.prophets_flock.hint_zealots,"Half the chapel walked out. The other half stayed on its knees, and some of them are armed."
quest.main.prophets_flock.log_zealots,The zealots who stayed are down. The chapel door stands open on an empty nave.
quest.main.prophets_flock.obj_tamsin,Send Tamsin Reed to lead the leavers home
quest.main.prophets_flock.hint_tamsin,Tamsin waits at the wells with the pilgrims who left the chapel.
quest.main.prophets_flock.log_tamsin,Tamsin took two dozen of them to the cistern and taught them to fetch real water.
quest.main.prophets_flock.obj_seal,Take the Prophet's seal from the sanctum door
quest.main.prophets_flock.hint_seal,"The deacon left it on the sanctum door's latch, on a red cord."
quest.main.prophets_flock.log_seal,"The door breathed warm air in your face, and a voice that knew your name sounded relieved."
quest.main.crimson_prophet.title,The Voice in the Altar
quest.main.crimson_prophet.summary,"The flock has been dealt with and the altar fire will take your flame. The Fifth Flamebearer is waiting in the sanctum with his sermon. Break him, and tell Mother Oda how the wells will taste now."
quest.main.crimson_prophet.detail,"He read in the great library for thirty years looking for a way to win that did not cost the world. Then a voice answered, patient and kind, and told him endings are a mercy. He does not think he betrayed anyone. He thinks he found the truth first. The wells were a sermon too: every cup a verse."
quest.main.crimson_prophet.obj_prophet,Break the Crimson Prophet in his sanctum
quest.main.crimson_prophet.hint_prophet,"Kindle the altar fire in the sanctum. His zealots fight in the nave, and they mean it."
quest.main.crimson_prophet.log_prophet,"The Crimson Prophet fell, and his voice went on a while without him."
quest.main.crimson_prophet.obj_duel,Answer the black-iron brazier
quest.main.crimson_prophet.hint_duel,A black-iron brazier stands cold at the sanctum's edge. The Ashen Knight will answer it. He yields rather than dies.
quest.main.crimson_prophet.log_duel,"The rider in black iron yielded a step at a time, smiling, and said he would not yield a third time."
quest.main.crimson_prophet.obj_oda,Tell Mother Oda the voice is silent
quest.main.crimson_prophet.hint_oda,Mother Oda is at the cistern in Saffra Wells.
quest.main.crimson_prophet.log_oda,Mother Oda poured the first cup from a clean draw.
quest.warband.bounty.obj_banner,Burn the warband's banner at the goblin camp
quest.warband.bounty.hint_banner,"The camp is in the broken ruin on the western side of the Northern Wilds, a short walk from the Deadfall Lodge. The banner hangs from a pole of lashed deadfall."
quest.warband.bounty.log_banner,The banner burned. Its corner carried the Citadel quartermaster's stamp.
quest.warband.forge.obj_handin,Bring the iron to Bryn
quest.warband.forge.hint_handin,"Bryn is at the Iron Anvil in the Crown Square. He wants the ore in your hands, not in a ledger."
quest.warband.forge.log_handin,"Bryn lit the forge from your ore: a forge that answers to the town, not the spur."
quest.warband.remedies.obj_scout,Tend the wounded scout on the King's Approach
quest.warband.remedies.hint_scout,A Dawnwarden scout lies in the ditch where the Kingsway climbs to the Citadel. She needs a health potion. Optional.
quest.warband.remedies.log_scout,The scout told you about a drain door in the Citadel's west wall.
quest.warband.remedies.obj_handin,Bring the herbs to Mirela
quest.warband.remedies.hint_handin,"Mirela keeps the Green Retort in the Crown Square. Four sprigs, in your hand."
quest.warband.remedies.log_handin,"Mirela crushed one sprig, breathed it in, and told you to come back alive."
quest.warband.heart.obj_arena,Follow the warband's road to the Ember Arena
quest.warband.heart.hint_arena,The arena road leaves the mine road and runs north-east. The black-iron scrip stops at its gate.
quest.warband.heart.log_arena,"The warband's road ends at the arena gate, and the gate is open."
dlg.alarm_bell.speaker,The Alarm Bell
dlg.alarm_bell.root,"The bell hangs from a post beside the Waystone, bronze gone green at the lip, its rope greasy with three generations of hands. You haul it. It cracks across the square and does not stop. Doors slam. Somewhere a mother is shouting a name. Far up the Kingsway the smoke turns towards the sound."
dlg.alarm_bell.root.c_close,Brace.
dlg.alarm_bell.after,The rope is still swinging. Nobody is going to touch it again today.
dlg.alarm_bell.after.c_bye,Leave it be.
dlg.wounded_carter.speaker,"Joss Harrow, Carter"
dlg.wounded_carter.root,"A carter sits against the trough with both hands clamped on his thigh, his cart on its side behind him. 'Joss Harrow. They took the mule and left me the cart, which is the wrong way round.' He tries a laugh and it comes out as a cough. 'If somebody could get me off the stones before the next lot arrive, I would name a mule after them.'"
dlg.wounded_carter.root.c_help,Get an arm under him and carry him to the inn.
dlg.wounded_carter.root.c_bye,There is no time. Stay low.
dlg.wounded_carter.helped,"He is heavier than he looks and complains the whole way, which you take as a good sign. The innkeeper's wife pulls him in by the collar and the door bars behind him. 'Mule,' he calls through the shutter. 'I meant it about the mule.'"
dlg.wounded_carter.helped.c_go,Back to the square.
dlg.wounded_carter.after,"The shutter opens a crack. 'Still no mule,' says Joss, 'but I am told you have a good chance of living long enough to be paid in one.'"
dlg.wounded_carter.after.c_bye,Rest.
dlg.toren_cairn.speaker,A Cairn of Black Stones
dlg.toren_cairn.root,"Black stones, stacked shoulder high with no mortar and no gaps. Whoever built this had done it before, and more than once. A sword-belt buckle is set in the cap-stone, and cut beneath it with a dagger point, in letters gone soft with twelve winters of wind: TOREN. HE HELD. The grass around the cairn has been pulled by hand. Nobody comes out this far to tend a grave, and somebody does."
dlg.toren_cairn.root.c_close,Take your hand off the stone.
dlg.toren_cairn.after,The cairn is quiet. The wind has the pass to itself.
dlg.toren_cairn.after.c_bye,Leave it be.
dlg.black_token.speaker,A Black-Iron Token
dlg.black_token.root,"A disc of black iron the size of your palm lies on the cap-stone, set square as if with a rule. It is not Citadel scrip: those are stamped square and this is round, and where the Citadel's marks are crisp this one has been rubbed smooth by a thumb. Cut across its face is a ring, broken at the top like a door left ajar. It is cold in a way the wind cannot explain."
dlg.black_token.root.c_take,Take the token.
dlg.black_token.root.c_bye,Leave it where it lies.
dlg.black_token.taken,"It is heavier than it should be. As your fingers close, the light on the ridge above the cut changes: a figure in black iron stands against the sky, utterly still, his helm turned towards the cairn, one hand on the pommel of a sword too long for any man to carry. He does not wave and he does not hide. You blink, and there is only ash light and bent grass. Whoever he is, he put this here, and he watched you pick it up."
dlg.black_token.taken.c_go,Take it back to Kael.
dlg.black_token.after,"The cap-stone is bare now, and paler where the token lay."
dlg.black_token.after.c_bye,Leave it be.
dlg.warband_banner.speaker,The Warband's Banner
dlg.warband_banner.root,"A pole of lashed deadfall with a banner of stitched goblin hide hanging from it, stiff with old blood. Goblins do not make banners. In the lower corner, sewn on with sinew, is a square patch of black-iron mail with a stamp pressed into it: the Citadel quartermaster's mark, the same one that was on the Elder's token."
dlg.warband_banner.root.c_burn,Put a torch to it.
dlg.warband_banner.root.c_bye,Leave it. Count the camp first.
dlg.warband_banner.burned,"The hide curls and spits. The Citadel's stamp blackens last. Whoever this camp answers to will know by dusk that someone has been here, and what they looked at."
dlg.warband_banner.burned.c_go,Back to your work.
dlg.warband_banner.after,Ash on the ground and a charred pole. The camp's goblins keep well away from the spot.
dlg.warband_banner.after.c_bye,Leave it be.
dlg.impound_crate.speaker,The Sealed Crate
dlg.impound_crate.root,"The wax on the lid is the Citadel quartermaster's, square and red, and the clerk looks away while you work the chisel under it. Inside, in garrison straw, lie forty spearheads of unfinished black iron. The manifest tied to the lid says STORES, GARRISON. Each socket carries two stamps: the Citadel's square, and under it a ring with a gap at the top. The ring is not in any manifest."
dlg.impound_crate.root.c_close,Memorise the marks and close the lid.
dlg.impound_crate.after,"The lid is back on the crate, and the wax is not going to look the same again."
dlg.impound_crate.after.c_bye,Leave it be.
dlg.carter_ledger.speaker,The Carter Ledger
dlg.carter_ledger.root,"The Search Table's carter ledger lies open under a paperweight made from a worn spur. Every consignment through the gate for a year, in the clerk's cramped hand, including the Citadel wax loads and the signature that cleared them. The clerk is arguing with a drover about a toll and has his back to you. The page you want is already half loose."
dlg.carter_ledger.root.c_take,Tear out the page and pocket it.
dlg.carter_ledger.root.c_bye,Put the spur back. Not like this.
dlg.carter_ledger.taken,"The sound is smaller than you feared. The page folds into your sleeve, and the quartermaster's signature on it is Orsolo Dray's. The drover wins his argument about the toll, which is the most anyone at the Crossway will notice today."
dlg.carter_ledger.taken.c_go,Walk away at a normal pace.
dlg.carter_ledger.after,The ledger lies open to a page with a ragged edge. The clerk has not noticed yet.
dlg.carter_ledger.after.c_bye,Leave it be.
dlg.wounded_scout.speaker,"Ilse Marrow, Scout"
dlg.wounded_scout.root,"A Dawnwarden scout lies in the ditch below the Kingsway with a bolt through her calf and a cloak pulled over her head like a tent. 'Not a patrol,' she whispers. 'Do not stand up. They are still watching the road from the spur.' She looks at what you carry. 'If you have a draught to spare, I have something to trade you for it. A door the Citadel forgot.'"
dlg.wounded_scout.root.c_heal,Give her a health potion.
dlg.wounded_scout.root.c_bye,I have nothing to spare. Stay hidden.
dlg.wounded_scout.healed,"She drinks it like water and the colour comes back to her face by degrees. 'West wall of the Citadel, under the third buttress. There is a drain door for the garrison kitchens. The King forgot it because kings do not think about drains. Three sentries between it and the court, not six.' She tucks the cloak back over her head. 'Ilse Marrow. If you live, tell Fenn I kept my post.'"
dlg.wounded_scout.healed.c_go,Rest. I will tell him.
dlg.wounded_scout.after,"'Third buttress, west wall,' she whispers, and goes back to being a lump in a ditch."
dlg.wounded_scout.after.c_bye,Keep your head down.
dlg.dray.speaker,Marshal Orsolo Dray
dlg.dray.root,"A man in a marshal's coat with the rank cords torn off sits chained to a ring in the wall of the garrison hall's lowest cell. His boots are good, and he has not seen a razor in a month. 'You came up the ramp alone and the brazier is out. Either you are very good, or someone wants me to think so.' He rattles the chain. 'Orsolo Dray. I signed what they put in front of me for eleven years, and when they put the spearheads in front of me I stopped, and this is what stopping buys.'"
dlg.dray.root.c_who,Who is paying the warband?
dlg.dray.root.c_ring,What do you know about the ring with a gap?
dlg.dray.root.c_spare,Cut his chains.
dlg.dray.root.c_press,Press him for what he knows.
dlg.dray.root.c_spare_watch,Show your Dawnwarden badge and swear him to the Watch.
dlg.dray.root.c_press_syndicate,Offer his name to the Syndicate's ledger.
dlg.dray.root.c_bye,I am not done yet. Wait.
dlg.dray.who,"'The King. Not for love, for use. A king who keeps a warband on his own roads has an excuse to close the Kingsway to everyone else and take the tolls himself. The goblins get iron, he gets a siege he can ration. The captains drink at the arena's side gate: cut those and he has no road.' He laughs without breath. 'Nothing in this Citadel has been about the realm for ten years. It is about the King's weather.'"
dlg.dray.who.c_ring,What do you know about the ring with a gap?
dlg.dray.who.c_back,Back.
dlg.dray.ring,"'I do not know the ring. I know the Citadel does not make it. I know the quartermaster's strongbox has a drawer I was never given the key to, and a clerk who never signs and never leaves. The King will not let anyone open the drawer.' His eyes slide away. 'That is all, and it is not much.'"
dlg.dray.ring.c_back,Back.
dlg.dray.spared,"The lock is old and the key hangs on a nail where the guards could not be bothered to hide it. The chain drops. Dray stands, and his knees almost betray him, and he does not let them. 'I will not say I am grateful. I will give you the roster, the postern drain and the arena's side gate, and I will tell the Black Wardens' captain that his marshal has been summoned to the Crossway to answer for the arms. Half of them will believe it. The other half will find they have somewhere else to be.' He walks out of the hall as if he owned it, which for a moment he does."
dlg.dray.spared.c_go,"Go well, Marshal."
dlg.dray.pressed,"You do not cut the chain. You stand in the doorway, close enough that he has to look at what burns behind your eyes. You ask for the strongbox key. He says nothing. You ask for the roster, and say something else, quietly, and he gives you all of it in the order you asked, and a few things you did not. When he has done he does not look at you. 'The Wardens will come when the brazier does not answer. I will tell them I was no use to you.'"
dlg.dray.pressed.c_take,Take the strongbox key and the Citadel's purse.
dlg.dray.pressed_purse,"The drawer opens on the third try. The purse is heavy, and what is under it is only paper. You leave him the chain."
dlg.dray.pressed_purse.c_go,Climb back down.
dlg.dray.spared_watch,"You hold the badge where the lamp can find it, and the Marshal reads the sigil twice as if it might be a trick. 'The Watch does not take a man who signed for goblin spears.' 'The Watch takes a man who stopped signing,' you say, and turn the key on the nail. He does not weep. He stands very straight and says the Watch's oath into the dust of the cell floor, all of it, including the part about the weak. Then he walks out of the hall with his chain over one shoulder like a stole, and the sentries who never came do not come now."
dlg.dray.spared_watch.c_go,"Go well, Captain."
dlg.dray.pressed_syndicate,"You do not touch the chain. You say a number, and then a name, and Dray's face changes because the number is what the Ledger House pays for a marshal's confession and the name is yours. 'You are the Syndicate's now,' he says, with a sort of tired wonder. 'Good. At least they keep books.' He gives you the roster, the drain door and the strongbox key, in that order, and does not look up while he does it. The Ledger House will hear before the Watch does."
dlg.dray.pressed_syndicate.c_take,Take the key and the Citadel's purse.
dlg.dray.spared_after,"The cell is empty. The chain lies in a pile where it fell, and the ring in the wall has a bright new scar where it was forced."
dlg.dray.spared_after.c_bye,Leave.
dlg.dray.pressed_after,"Dray does not look up. 'Whatever you wanted from me, you have it,' he says to the floor. 'Close the door on your way out.'"
dlg.dray.pressed_after.c_bye,Leave.
dlg.rival_arena.speaker,The Rider in Black Iron
dlg.rival_arena.root,"In the royal box above the sand, a rider in black iron has sat through the whole of it. He rises as you look, and the stone seat does not creak under him. He is very tall. His visor is down, and behind it the air is the colour of old fire."
dlg.rival_arena.root.c_wait_taken,Wait for him to speak.
dlg.rival_arena.root.c_wait_left,Wait for him to speak.
dlg.rival_arena.root.c_who,Who are you?
dlg.rival_arena.root.c_bye,Say nothing and go.
dlg.rival_arena.who,'A rider. That will serve for now. I am told it is bad manners to give your name to someone who has not yet earned the answer.' He inclines his helm. 'I will give you one thing for nothing: do not trust the Elder's rhymes to the word. Every rhyme is somebody's apology.'
dlg.rival_arena.who.c_wait_taken,Wait for him to speak.
dlg.rival_arena.who.c_wait_left,Wait for him to speak.
dlg.rival_arena.speaks_taken,"'You took it.' The voice is level and not unkind. 'Everyone does. It is the first fire and the oldest of those left, and it goes in like a coal into a dry hearth. You will find it keeps its own counsel.' A gauntlet taps the rail. 'He thought a wall around the world would keep it whole. He was not wrong about the wall, only about who it was for. We will speak again, Seventh. When you are carrying more.'"
dlg.rival_arena.speaks_taken.c_go,Watch him go.
dlg.rival_arena.speaks_left,"'You left it.' There is something in the voice that might be interest, or grief. 'Not many do, the first time. It lay there on the sand asking, and you walked past it like an unlit lamp.' A gauntlet taps the rail. 'The next ones ask louder. We will speak again, Seventh. I would like to see what you do when it is not the first.'"
dlg.rival_arena.speaks_left.c_go,Watch him go.
dlg.rival_arena.after,"The royal box is empty. On the rail lies a round token of black iron with a ring cut into it, broken at the top, and it is warm."
dlg.rival_arena.after.c_bye,Leave it be.
dlg.signal_brazier.speaker,The Signal Brazier
dlg.signal_brazier.root,"The west ramp brazier is a basin of black iron on three legs, fed by a pipe from the garrison's own coal store, and it has not gone out in a year. You kick the feed pipe off its seat and bury the coals under a shield someone left on the ramp. The smoke thins to a thread and stops. Up on the walls a horn starts, and then stops too, the way a man stops who has remembered he is the only one still blowing it."
dlg.signal_brazier.root.c_close,Step back from the ashes.
dlg.signal_brazier.after,The basin is cold and black. Nothing climbs from it now.
dlg.signal_brazier.after.c_bye,Leave it be.
dlg.beast_track_a.speaker,A Staked Track
dlg.beast_track_a.root,"Hoofprints of an ashfall elk, deep and even, cow and calf, walking. Over them, a pace behind and to the side, the prints of a dire wolf, also walking. The wolf's stride has not once broken to chase. A third set joins at the next stake: the broad splayed track of a thornback boar. They pace each other like a family on a road home."
dlg.beast_track_a.root.c_close,Note it in the tally.
dlg.beast_track_a.after,Hask's red stake stands in the ash. The tracks go on without you.
dlg.beast_track_a.after.c_bye,Leave it be.
dlg.beast_track_b.speaker,A Staked Track
dlg.beast_track_b.root,"The second track is old enough to have drifted. Elk and wolf again, and now a litter of maw tracks beside them: long toed, wrong, the prints of wolves that were something else once. They keep station with the elk. Every print points the same way, north-east, towards the wall. You find fur snagged in a thorn at one height that is neither wolf nor elk but both, as if one animal had worn two coats. Ash lies in every print like salt."
dlg.beast_track_b.root.c_close,Note it in the tally.
dlg.beast_track_b.after,The second stake is leaning a little. The tracks beside it have not changed.
dlg.beast_track_b.after.c_bye,Leave it be.
dlg.beast_track_c.speaker,A Staked Track
dlg.beast_track_c.root,"The third track is a road. Hundreds of prints, trampled to a cut a pace wide and hand-deep. At the edge where the tracks leave the scar, something has been laid in the dust: not a bone, not a pelt, but a ring of small stones set around a single antler, the way a person sets a table. The beasts did not do that. Or they did, and that is worse."
dlg.beast_track_c.root.c_close,Leave the ring undisturbed.
dlg.beast_track_c.after,"The ring of stones around the antler has not moved. The road leads on, north."
dlg.beast_track_c.after.c_bye,Leave it be.
dlg.ashen_herd_choice.speaker,The Herd
dlg.ashen_herd_choice.root,"In a shallow of ash stands the herd: forty animals of six kinds, shoulder to shoulder, not grazing, not sleeping. At their heart a grey-eyed elk cow looks at you with perfectly ordinary elk eyes, and behind her a great dire wolf lies in the ash like a hound at a hearth. Antlers and fangs point nowhere. They are waiting for something to tell them to go on. The ember in your chest tugs at you, as though it knew the voice."
dlg.ashen_herd_choice.root.c_slay,Cull the herd before it reaches him.
dlg.ashen_herd_choice.root.c_slay_hunter,"Cull the herd as the Hunters' book says, by the numbers."
dlg.ashen_herd_choice.root.c_calm,Burn three healing herbs and break the call.
dlg.ashen_herd_choice.root.c_bye,Not yet.
dlg.ashen_herd_choice.slay,"You do not pretend to speak to them. You draw, and the herd, which has been waiting for a voice, hears one: yours. They come at you in a wave with no fear in it, and it is the absence of fear that you will remember. When the ash settles there is a trampled shallow, a smell of copper, and an elk calf standing untouched among the dead, looking at you without understanding. Hask will want the count."
dlg.ashen_herd_choice.slay.c_pelts,Gather what the Hunters will pay for.
dlg.ashen_herd_choice.slay_pelts,"Four good pelts, cut clean. You tell yourself that the Hunters keep records, and that records are a kind of mercy. The calf is still watching."
dlg.ashen_herd_choice.slay_pelts.c_go,Climb back down.
dlg.ashen_herd_choice.calm,"You drop the herbs on the coals and green-grey smoke rolls out sweet across the shallow. It is nothing the Beast Lord made and nothing he can unmake. The herd's heads come up one by one. The cow elk breathes it in, blinks, and for the first time in a month looks like an animal. The wolf sneezes. Ten breaths later the whole herd has simply stopped listening. A dire wolf lies down twenty paces from a calf and does not so much as look at it. Somewhere up the plateau, something notices that its voice has gone quiet."
dlg.ashen_herd_choice.calm.c_watch,Watch the smoke.
dlg.ashen_herd_choice.calm_end,Hask will not like it. The Hunters' manual has a page for culling and a page for tracking and no page at all for smoke. You will have to hold the coals while the herd settles.
dlg.ashen_herd_choice.calm_end.c_go,Keep the coals alive.
dlg.ashen_herd_choice.after,The herd has made its answer in the ash. It does not need you to ask it again.
dlg.ashen_herd_choice.after.c_bye,Leave it be.
dlg.scout_cairn_south.speaker,The South Scout Cairn
dlg.scout_cairn_south.root,"A cairn of flat grey stones with a stone lantern bowl on its crown, black and frozen. The oil in the bowl has set like candle fat. Storm char scars the windward face in a feathered pattern: something with a lot of lightning to spare has been here more than once. You break the ice with the flint haft, pour Sigrun's oil and strike. It catches on the fourth try, small, white and steady, and for the first time in a moon the hold has an eye on the south ridge."
dlg.scout_cairn_south.root.c_close,Leave it burning.
dlg.scout_cairn_south.after,"The lantern burns small and steady. Somewhere below, a horn answers it."
dlg.scout_cairn_south.after.c_bye,Leave it be.
dlg.scout_cairn_mid.speaker,The Middle Scout Cairn
dlg.scout_cairn_mid.root,"The middle cairn sits on a wind-scoured saddle where nothing has grown in a thousand years. A scout's mitten is frozen to the rim of the lantern bowl, and the scout who wore it did not come home to pull it free. The bowl is split from rim to base. You wedge it with the flint haft, pour Sigrun's oil into the crack and strike, and the flame goes up crooked and holds. The wind tries it twice and gives up."
dlg.scout_cairn_mid.root.c_close,Leave the mitten where it is.
dlg.scout_cairn_mid.after,The crooked flame burns on. The mitten is still frozen to the rim.
dlg.scout_cairn_mid.after.c_bye,Leave it be.
dlg.scout_cairn_north.speaker,The North Scout Cairn
dlg.scout_cairn_north.root,"Ice has grown over the north cairn in layers, so the lantern bowl sits inside a block of blue glass with a flame-sized hollow at its heart. You chip down to it with the flint haft and pour the last of Sigrun's oil into the hollow. When it catches, the ice lights from within and throws a pale bar of fire across the glacier. Far away to the north-east, high on the spire you cannot see, something answers with a blue that is not a lantern. The hold's horn begins blowing behind you, far down the pass."
dlg.scout_cairn_north.root.c_close,Run for the hold.
dlg.scout_cairn_north.after,The ice glows from within. The hold's horn has stopped blowing.
dlg.scout_cairn_north.after.c_bye,Leave it be.
dlg.frostfang_moot_stone.speaker,The Moot Stone
dlg.frostfang_moot_stone.root,"A waist-high stone worn smooth by eight clans' hands stands in the middle of the moot ring. Hjalvar has been helped to the bench beside it, grey in the face, his shoulder bound. At the ring's far edge, outside the firelight, Halvar One-Hand waits with his stump behind his back. The elders of the eight clans are watching. They have all seen the ember in you. None of them will say it aloud."
dlg.frostfang_moot_stone.root.c_hjalvar,Lay your hand on the stone and name Hjalvar.
dlg.frostfang_moot_stone.root.c_halvar,Lay your hand on the stone and name Halvar.
dlg.frostfang_moot_stone.root.c_bye,Step back. Not yet.
dlg.frostfang_moot_stone.hjalvar,"'Hjalvar, then.' Your voice is not loud. The stone is warm under your palm. The elders shift, and one by one they look at the chief instead of at you. Hjalvar does not smile. 'We go up as a wall. Slowly, with the shamans in the middle and the young on the flanks. Three days of climbing, and it will cost two of the old men their breath. It will not cost us the hold.' He looks across the ring at the exile. 'You will not be judged twice, Halvar. Go home to your fire.' The exile bows to nothing and goes."
dlg.frostfang_moot_stone.hjalvar.c_go,Prepare to climb.
dlg.frostfang_moot_stone.halvar,"'Halvar.' The stone is cold under your palm. The elders gasp as one and Hjalvar closes his eyes. 'So,' he says, quietly. 'The ember chooses the hand I took. I will not gainsay it. The clans will not climb with me, but they will not stand in your way.' Halvar is already at your elbow, smiling the smile of a man who has waited twenty years to be wrong in public. 'Winches at Stormfall. Two of them, and a Syndicate crew has oiled them every year, so do not thank me too loudly. Three hours up, and the Tyrant will still be eating breakfast.' He holds out a purse. 'Syndicate coin, for the road. Take it or do not.'"
dlg.frostfang_moot_stone.halvar.c_coin,Take his coin.
dlg.frostfang_moot_stone.halvar.c_refuse,Refuse the coin and go.
dlg.frostfang_moot_stone.halvar_coin,"The purse is heavy and warm from his hand. He watches you weigh it, and says nothing, which is a kindness. You will remember that you took it."
dlg.frostfang_moot_stone.halvar_coin.c_go,Climb.
dlg.frostfang_moot_stone.after,"The moot stone is cold. The ring is empty, and the clans have gone about the business of climbing."
dlg.frostfang_moot_stone.after.c_bye,Leave it be.
dlg.aerie_winch_a.speaker,The First Winch
dlg.aerie_winch_a.root,"An iron drum bigger than a man, its crank worn bright, the cable running up the cliff into cloud. Someone has greased it this year. You lean on the crank and it moves, grudgingly, then easily, and far above you a platform begins to descend through the mist with a long iron song."
dlg.aerie_winch_a.root.c_close,Lock the drum and move to the next.
dlg.aerie_winch_a.after,The drum is locked and the cable hums in the wind.
dlg.aerie_winch_a.after.c_bye,Leave it be.
dlg.aerie_winch_b.speaker,The Second Winch
dlg.aerie_winch_b.root,"The second winch hauls the lift the last stretch of cliff to the Stormcrown ledge. You step onto the platform and work the crank until your arms shake. It shudders up past ice and old iron rings and a dead scout's marker, and somewhere above, thunder walks on the spire like a man pacing. When the platform bumps home, the duelling ground is thirty paces away and the brazier on its west side is the only light."
dlg.aerie_winch_b.root.c_close,Step off the platform.
dlg.aerie_winch_b.after,The lift rests at the top. The cable sings softly.
dlg.aerie_winch_b.after.c_bye,Leave it be.
dlg.well_gauge_east.speaker,The East Gauge Stone
dlg.well_gauge_east.root,"A tablet of pale stone set into the oasis wall, scored with seven lines in the Archive's neat hand. Mother Oda has chalked her own readings beside each line for forty years: a long column of ones and twos. This season the water stain has risen to the third line and it is grey, not brown. Rub it and your thumb comes away silver-black. It is ash."
dlg.well_gauge_east.root.c_close,Note the reading.
dlg.well_gauge_east.after,The east gauge still reads grey to the third line.
dlg.well_gauge_east.after.c_bye,Leave it be.
dlg.well_gauge_mid.speaker,The Middle Gauge Stone
dlg.well_gauge_mid.root,"The middle stone sits above the cistern's overflow, where the water is deepest. The stain here is grey to the fourth line. The chalk beside it is Mother Oda's, and for the last week the numbers have been written with a shaking hand. Someone has scratched under the gauge in a child's letters: THE WATER TALKS AT NIGHT. A man's hand has tried to scrub it out."
dlg.well_gauge_mid.root.c_close,Note the reading.
dlg.well_gauge_mid.after,The middle gauge reads grey to the fourth line. The scratched words are still under it.
dlg.well_gauge_mid.after.c_bye,Leave it be.
dlg.well_gauge_west.speaker,The West Gauge Stone
dlg.well_gauge_west.root,"The west stone is nearest the road north and the first to take whatever comes down the channel. It has gone black to the top line. This is not seasonal silt: seven lines of the Archive's careful measure and the stain has gone past all of them. Whatever fouls the water comes from upstream, and the channel runs from the south, from the red flats and the pilgrim track."
dlg.well_gauge_west.root.c_close,Note the reading.
dlg.well_gauge_west.after,The west gauge is black to the top line. Nothing here has changed.
dlg.well_gauge_west.after.c_bye,Leave it be.
dlg.flock_deacon.speaker,Deacon Haddan Voll
dlg.flock_deacon.root,"Deacon Haddan Voll stands at the chapel door in red with a ladle in one hand and a ledger of names in the other. He is perhaps forty and looks sixty. Behind him two hundred people kneel in rows facing a wall of heat, and the whole nave smells of warm water and burnt sugar. 'You walked the pilgrim track,' he says, kindly. 'Most of us did it on our knees. You have the look of someone who has seen the wells. Have you come to tell me they taste of ash?'"
dlg.flock_deacon.root.c_expose,Show him the three readings from the gauge stones.
dlg.flock_deacon.root.c_expose_archive,Lay the readings out as a reader of the Veiled Archive.
dlg.flock_deacon.root.c_turn,Walk into the nave and speak to the flock.
dlg.flock_deacon.root.c_kin,Tell him you already hear it too.
dlg.flock_deacon.root.c_kin_emberbound,Show the Emberbound sigil and tell him you already hear it too.
dlg.flock_deacon.root.c_bye,Not yet.
dlg.flock_deacon.expose,"You do not shout. You set the three readings on his ledger one on top of another, grey on grey, and tell him what is in the water he blesses: not the Prophet's voice, only ash from his own altar, poured upstream twice a day by people he trusts. For a long moment the deacon looks at the readings the way a man looks at a doctor's face. Then he turns to the nave and reads them aloud in the same kind voice he uses for the names. The rows do not rise. They look at the ladle in his hand. Someone starts to cry. Within the hour half the chapel is walking north with its jars poured out on the red flats. The other half stays on its knees and does not look at you."
dlg.flock_deacon.expose.c_go,Step aside and let them pass.
dlg.flock_deacon.expose_archive,"You set the three readings on his ledger, and under them the Archive's own gauge-tablet seal, which he has seen on the oasis wall since boyhood. 'The Archive does not ask for belief,' you tell him. 'It asks for the same measure, read twice, by two people who do not like each other.' The deacon reads the numbers aloud in his kind voice. When he stops, no one in the nave is looking at the wall of heat. Half the chapel is walking north with its jars poured out by dusk, and a girl in the last row asks the nearest of you, shyly, what a gauge is. The other half stays on its knees and does not look at you."
dlg.flock_deacon.expose_archive.c_go,Step aside and let them pass.
dlg.flock_deacon.kin_emberbound,"You show the sigil you were given at the Emberbound's table and say it quietly: 'I hear it too.' The deacon's face opens like a door. 'The Brothers of the Flame sent one of theirs to the Mission before,' he says. 'They did not stay. You will.' He kneels, and the nave kneels with him. He lifts the chapel key from around his neck and puts it in your palm. 'The sanctum is open to you. He is waiting. He would like to speak before whatever comes after.'"
dlg.flock_deacon.kin_emberbound.c_go,Take the key.
dlg.flock_deacon.turned,"You walk past him into the nave and no one stops you. You stand where the heat is worst and say nothing for a long time. Then you say their names back to them, the ones he has in his ledger, not the ones the voice calls them. They look at the one who knows their names. 'The voice speaks to everyone,' you tell them. 'It asked me too. I said no. You can do the same.' Some weep. Some look at you the way they used to look at the wall of heat, and that frightens you more than the weeping. Tamsin Reed, who followed you down the pilgrim track, begins to hand out water from a cistern jar. Real water. The first cup is yours."
dlg.flock_deacon.turned.c_go,"Drink, and step out of the heat."
dlg.flock_deacon.kin,"'I hear it too,' you say, and the deacon's face opens like a door. 'Seventh of the Flame. He said you would come. He said you would not need telling.' He kneels, and the whole nave kneels with him, two hundred people moving like a field of wheat. He lifts the chapel key from around his neck and puts it in your palm. 'The sanctum is open to you. He is waiting. He would like to speak before whatever comes after.' Behind you, the heat in the wall rises to meet the heat in you."
dlg.flock_deacon.kin.c_go,Take the key.
dlg.flock_deacon.after,"The deacon is not at the chapel door. The ladle hangs from a nail, and the nave is quiet in the way of a room that has made up its mind."
dlg.flock_deacon.after.c_bye,Leave it be.
dlg.sanctum_seal.speaker,The Sanctum Door
dlg.sanctum_seal.root,"A disc of red wax pressed with the Prophet's flame hangs from the sanctum door's latch on a cord. The deacon has left it for you. When you take it the door breathes warm air in your face, and from deep inside comes a voice that knows your name and sounds, to your own shame, relieved."
dlg.sanctum_seal.root.c_close,Pocket the seal.
dlg.sanctum_seal.after,The latch is bare. The door is warm and does not breathe any more.
dlg.sanctum_seal.after.c_bye,Leave it be.
dlg.oda_grandson.speaker,Rafe Sarn
dlg.oda_grandson.root,"Rafe Sarn sits on the stone lip of the cistern with his boots in the sand, thin, in a robe washed so often it has gone from red to the colour of weak tea. 'I walked south at midsummer because it was quiet there,' he says to the water. 'It is very quiet. I did not know quiet could be a hunger.' He coughs into his sleeve. 'The Archive's readers let me hold the chalk this morning. A two, and a three. I got the three wrong. Nobody told me off.'"
dlg.oda_grandson.root.c_hear,Do you still hear it?
dlg.oda_grandson.root.c_bye,Look after your grandmother.
dlg.oda_grandson.hear,"'A little. Like a tune from the next house.' He picks at the hem of the sleeve. 'Grandmother says it fades if you give it something else to listen to. She sets me the gauges at dawn, and numbers are very loud when you let them be.'"
dlg.oda_grandson.hear.c_else,Something else.
dlg.oda_grandson.hear.c_bye,Keep reading them.
dlg.oda_grandson.turned,"Rafe Sarn stands among the grey cloaks at the cistern with a ladle in his hands, looking at the road you came by. 'Tamsin says you told it no in front of everyone,' he says. 'I want to be able to do that. I do not know how yet. Do you want a drink? It is only water. I check.'"
dlg.oda_grandson.turned.c_drink,Gladly.
ch.1,Act I: Embers at the Crown
chapter.ch.1.title,Act I: Embers at the Crown
chapter.ch.1.subtitle,"Smoke on the north road, a name in black iron, and a king who will not be reasoned with."
quest.warband.bounty.detail,"Goblins have always raided the roads out of the Ember Crown, but never in step and never at noon. The guild pays three heads. The camp they come from sits in the broken ruin west of the Deadfall Lodge, in the Northern Wilds, and the banner that hangs there is the first thing in this war that was made by someone who can sew."
quest.warband.forge.detail,"The Citadel's factors bought every ingot in the Crown last spring and never said what for. Bryn's forge has been cold since. Three lumps of iron from the hills and the town can make its own steel again, with no black in it."
quest.warband.remedies.detail,"The Green Retort is out of everything but complaints. Goblin wounds fill the cots and the Citadel's factors bought up the linen. Four sprigs of healing herb for Mirela, and if you have a draught to spare, a scout in a ditch below the Citadel may be worth it."
quest.warband.heart.detail,"A warband that wears Citadel scrip does not break because five goblins died. It breaks when its road ends. Cut the captains down, then follow the black road to where it ends: the Ember Arena, and whatever holds it."
boss.iron_king.epithet,The Black-Iron King
boss.iron_king.intro,'A king answers to no road but his own.'
ch.2.ashen,Act II: Last Hearth
chapter.ch.2.ashen.title,Act II: Last Hearth
chapter.ch.2.ashen.subtitle,"Something calls the beasts of the Ashen Wilds, and eleven survivors are in its way."
boss.beast_lord.epithet,He Who Let It In
boss.beast_lord.intro,'Do you remember a name? Say it. It has been so long since anyone said it.'
ch.2.frostfang,Act II: The Closed Hold
chapter.ch.2.frostfang.title,Act II: The Closed Hold
chapter.ch.2.frostfang.subtitle,The clans of Frostfang Reach have buried their dead twice and will not bury a third.
boss.storm_tyrant.epithet,The Storm That Remembers
boss.storm_tyrant.intro,'Four hundred years I have waited for someone who was not afraid of the thunder.'
dlg.elder.cq_sq_hook,"The Elder is already looking north when you reach him. A column of smoke stands over the Kingsway, thick and straight. 'Goblins raid by night, in threes, and run when they bleed. This is noon, and they are marching in step. That is not hunger. That is orders.' His eyes find the ember in yours and do not remark on it. 'Do not tell me what you are. Ring the bell.' He points at a post beside the Waystone where an old bronze bell hangs. 'The town will bar its doors, and the square becomes the only thing between that smoke and the market. Hold it until they break.'"
dlg.elder.cq_sq_hook.c_who,Who is giving them orders?
dlg.elder.cq_sq_hook.c_else,Something else.
dlg.elder.cq_sq_hook.c_go,I will ring it.
dlg.elder.cq_sq_who,"'I have a notion, and I would rather be wrong.' He does not look away from the smoke. 'Ring the bell. Ask me again when the square is still standing.'"
dlg.elder.cq_sq_who.c_else,Something else.
dlg.elder.cq_sq_who.c_go,Understood.
dlg.elder.cq_sq_after,"The Elder sits on the well's edge with a disc of black iron in his hand. 'It was around a goblin's neck. Goblins do not stamp iron. This is Citadel scrip, black iron, the kind the Iron King's marshals pay in, and it was paying for that warband.' He closes his fist on it. 'Someone on the spur above this square is arming the roads against us. I cannot prove it and I cannot stop it. Kael Aldemar can tell you what the last warband cost him. He is the one in the square with a sword and nothing to say. Ask him about the Ashfall pass, and then go and look at it. There may be more black iron out there than the Citadel's.'"
dlg.elder.cq_sq_after.c_else,Something else.
dlg.elder.cq_sq_after.c_go,I will find Kael.
dlg.elder.cq_ik_after,"The Elder is on the well's edge as if he never left it, but the square behind him is full of people carrying things home. 'It is done, then.' He listens while you tell it, and when you reach the rider in the gallery he stops you with a raised hand. 'My grandmother's grandmother sang a counting rhyme at the washing, and nobody remembers who taught her. Six went up the Stair. Five fell down it. One stayed to kneel. I took it for a children's song.' He turns the token he has been holding over once more. 'Six climbed, so six were given the fire. The Iron King was the first of the five who fell, and you carry a piece of him now. The Storm Tyrant sits above the Frostfang clans. The Beast Lord holds a plateau beyond the Breach. The Crimson Prophet preaches in the Sunspire, where the old library stands. The song never agrees on the fifth.' He stands, slowly. 'At the top of the Stair, the rhyme says, there is a seat, and whoever takes it ends the dying or ends everything else. The ones who kept the records will know which. Do not go to any of the three alone, ember or no ember.'"
dlg.elder.cq_ik_after.c_go,I will go.
dlg.elder.cq_dray_spared,"'Dray? He walked through the south gate yesterday with no rank cords and a limp, and asked the first warden he met whether the Watch took a man who had signed the wrong papers for eleven years. The warden said it took anyone who stood watches. He is on the wall tonight.' The Elder allows himself something near a smile. 'You freed a man the Citadel would have broken. The garrison remembers who unlocked that cell. It will matter.'"
dlg.elder.cq_dray_spared.c_else,Something else.
dlg.elder.cq_dray_pressed,"'Dray? Nobody has seen him. The garrison says the Marshal's strongbox came up empty and that he sits with his face to the wall.' The Elder's hand finds the rim of the well. 'I will not ask what you did to him. I will ask whether you can still be told no, afterwards. That is what the ember does, in the end. It makes every answer yes.'"
dlg.elder.cq_dray_pressed.c_else,Something else.
dlg.elder.cq_arcs_done,"'Three of the five, then, and you walk like someone carrying more than he started with.' The Elder does not look north this time. He looks at you. 'The rhyme says the last verses are the worst and it has not been wrong yet. The Archivist in the Sunspire library keeps the records of the Stair. If anyone alive knows what the throne is for, she does. Go and ask her, and ask her plainly.'"
dlg.elder.cq_arcs_done.c_else,Something else.
dlg.elder.root.c_cq_dray_spared,About the Marshal.
dlg.elder.root.c_cq_dray_pressed,About the Marshal.
dlg.elder.root.c_cq_arcs_done,The three realms are quiet.
dlg.kael.cq_pass_report,"Kael does not look up from the whetstone until you set the token on the stone beside it. The scraping stops. 'Where did you get this?' You tell him. He is quiet for a time, long enough that the blade across his knees goes dull in the light. 'Toren's cairn. Somebody tends it. I told myself it was the Citadel, shame money or a clerk's conscience, and never asked which. This is not Citadel make. Theirs is stamped square, like the one the Elder showed you. This is round and old, and the ring has a gap in it.' He turns the token until the gap faces him. 'Twelve years ago a rider in black iron stood at the end of that pass while twenty goblins went through us, and when it was over only the goblins were dead. I never saw his face. I never saw him again. I told myself it was Toren's ghost.'"
dlg.kael.cq_pass_report.c_want,What does he want?
dlg.kael.cq_pass_orders,"'Want? The Citadel sells iron to goblins, and somebody I cannot name sits at the other end of the same road and draws a ring on it. I do not know whether he is for us or against us, and I do not like how little that seems to matter to him.' He closes your fingers over the token. 'Keep it. It will not leave me alone, and you seem to be the one it was left for. The guild board has a bounty up for goblins. Take it, and look at what they carry. If there is more black iron out there, I want to hear it from you before I hear it from the Elder.'"
dlg.kael.cq_pass_orders.c_else,Something else.
dlg.kael.cq_pass_orders.c_go,I will.
dlg.smith.cq_forge_check,Bryn's anvil is cold and his forearms are black to the elbow where he has been stripping an old furnace for scrap. 'The Citadel's factors bought every ingot in the Crown last spring and never said what for. Now I know. Spearheads.' He wipes his hands on his apron and does not get any cleaner. 'Three lumps of ore from the hills and I will have the forge lit and a blade on this bench that never touched their scrap. Have you got it?'
dlg.smith.cq_forge_check.c_ore,Here is the ore.
dlg.smith.cq_forge_check.c_else,Something else.
dlg.smith.cq_forge_check.c_later,Not yet.
dlg.smith.cq_forge_thanks,"He weighs the lumps in his palm one at a time, the way a man counts his children after a storm. 'Good iron. Clean.' The bellows wake with a roar and he does not look up for a long moment. 'There. A forge that answers to the town and not to the spur. If you are going where I think you are going, you will want steel that is ours.'"
dlg.smith.cq_forge_thanks.c_go,I will bring it back in one piece.
dlg.apothecary.cq_rem_check,"Mirela does not look up from her mortar, and the mortar is empty. 'Goblin wounds on every cot and Citadel stamps on the bandages. Do you know their factors bought my linen? I have stopped asking what for. Four sprigs of healing herb, you said you would bring. I will take them from your hand, not from your promise.'"
dlg.apothecary.cq_rem_check.c_herbs,Here are the herbs.
dlg.apothecary.cq_rem_check.c_else,Something else.
dlg.apothecary.cq_rem_check.c_later,Not yet.
dlg.apothecary.cq_rem_thanks,"She crushes one sprig between finger and thumb and breathes it in, and for the first time that day her shoulders drop. 'There. The cots will mend. Go and do whatever it is you are going to do to that spur.' Under her breath: 'Come back alive. It is the one prescription I never get to fill.'"
dlg.apothecary.cq_rem_thanks.c_go,I will try.
dlg.syndicate_broker.cq_broker,"Ilder Vance reads the stamp you copied onto the back of your hand without being asked to look at it. 'A ring with a gap. I could tell you what the Ledger House thinks that is and what it would cost you, but you are not buying a story. You are buying the quartermaster's consignment book, and who put his name to each line.' He names a number that is not low. 'Sixty, in coin, and the book says which of the Citadel's men signed for the arms. I do not sell opinions.'"
dlg.syndicate_broker.cq_broker.c_pay,Pay sixty.
dlg.syndicate_broker.cq_broker.c_else,Something else.
dlg.syndicate_broker.cq_broker.c_no,Not at that price.
dlg.syndicate_broker.cq_broker_paid,"He counts it twice, folds the coins away, and slides a page across the doorframe without letting go of it. 'Orsolo Dray, Marshal of the Citadel garrison, on every line for eleven years. Make of that what you like. The Ledger House sold you a fact. What it means is yours.' He allows a very thin smile. 'The Syndicate remembers a customer who pays on delivery.'"
dlg.syndicate_broker.cq_broker_paid.c_go,"Good day, broker."
dlg.dawnwarden_captain.cq_brief,"Fenn finishes the line he is on before he looks up. 'A Citadel wax on a cart means do not open. I was told so in a letter signed by someone I have never met. Your banner carries the same quartermaster's stamp as those carts, so I am being ordered not to look at the very thing I was posted here to look at.' He closes the ledger over a finger. 'There is a crate in the Impound Counter that came up from Hollowreach last week under Citadel wax. My clerks log it and I cannot cut it. A traveller with a chisel answers to nobody's letters but her own.'"
dlg.dawnwarden_captain.cq_brief.c_else,Something else.
dlg.dawnwarden_captain.cq_brief.c_go,I will look.
dlg.dawnwarden_captain.cq_sigil,"You set a spearhead on his desk and the stamps beside it. Fenn touches neither. 'Garrison stores. The square is the Citadel quartermaster's. And that.' He taps the desk beside the ring with a gap. 'That is in the Citadel's own ledger too, in a hand older than any clerk they have, and every time I have asked who signs for it I have been offered a year's pay and a quieter road.' He takes a long breath. 'The square is easy. Orsolo Dray, Marshal of the garrison, has signed for every arms consignment through this gate. Either he is a traitor or a hostage, and I would give the year's pay to know which.'"
dlg.dawnwarden_captain.cq_sigil.c_honest,Then I will find out which.
dlg.dawnwarden_captain.cq_sigil.c_honest_badge,Show your Dawnwarden badge and ask to read the Watch's own armament book.
dlg.dawnwarden_captain.cq_sigil.c_else,Something else.
dlg.dawnwarden_captain.cq_sigil.c_later,Not yet.
dlg.dawnwarden_captain.cq_honest_badge,"Fenn looks at the badge for a long moment, then pushes the Watch's own armament book across the desk. 'One of ours does not need a chisel,' he says. 'You do not need to explain.' His finger finds the page: Orsolo Dray, Marshal of the garrison, countersigning every consignment for eleven years. 'Take that to Bryn, and tell him the Watch buys steel from the town this season, not from the spur.'"
dlg.dawnwarden_captain.cq_honest_badge.c_go,I will see Bryn.
dlg.dawnwarden_captain.cq_honest,"'Good. Not the answer I wanted, but the question was never going to be comfortable.' He opens the ledger again, which is how Fenn dismisses people. 'Go home first. The Citadel's factors bought every ingot in the Crown, and Bryn's forge has been cold for it. If you are going up that spur you will want steel that never went through their hands.'"
dlg.dawnwarden_captain.cq_honest.c_go,I will see Bryn.
dlg.dawnwarden_captain.cq_heist_after,"Fenn does not look up. 'A page is missing from the carter ledger. It was there when the clerk went for his tea, so I have decided it was removed by a thief and not an investigator. Do not do that again, and do not tell me where it went.'"
dlg.dawnwarden_captain.cq_heist_after.c_else,Something else.
dlg.dawnwarden_captain.cq_honest_after,"'The Marshal's name on the arms.' Fenn rubs his eyes. 'I have written it in the Watch's own book now, where the Citadel's clerks cannot lose it. Thank you for not making me read it alone.'"
dlg.dawnwarden_captain.cq_honest_after.c_else,Something else.
dlg.dawnwarden_captain.cq_dray_spared,"'Dray walked in at the gate at dawn, no cords, no sword, and asked to be put on the book.' Fenn almost smiles. 'I put him on as a captain, which is above my authority and below his. He has not slept. He is sorting the warden roster by who can be trusted with a bow and he is right about two of them already.'"
dlg.dawnwarden_captain.cq_dray_spared.c_else,Something else.
dlg.dawnwarden_captain.cq_dray_pressed,"'Word came down the Kingsway that the Marshal's strongbox was emptied in his own cell.' Fenn does not raise his voice. 'The Watch does not approve of picking a man's pockets while he is chained. I am not saying you were wrong about what was in them. I am saying it will be remembered, here, and not kindly.'"
dlg.dawnwarden_captain.cq_dray_pressed.c_else,Something else.
dlg.dawnwarden_captain.root.c_cq_heist_after,About the ledger.
dlg.dawnwarden_captain.root.c_cq_honest_after,About the Marshal's name.
dlg.dawnwarden_captain.root.c_cq_dray_spared,About Marshal Dray.
dlg.dawnwarden_captain.root.c_cq_dray_pressed,About Marshal Dray.
dlg.clan_chief.cq_ch_hook,"'Southerner. You walked in through the cold, so you are either useful or lost, and the gate does not care which this month.' Hjalvar does not rise. 'Three cairns stand on the north ridge: the south one, the middle one in the pass, the one on the glacier. Every Stormbound child learns to read them before they learn their letters. All three went dark in the same moon, and since then weather has been coming down the passes without warning, in the shape of things that are not weather.' He glances at your hands and the ember in them. 'You carry what the Tyrant carries. I will not pretend that does not matter to me. Sigrun has oil and flint and a tally. Relight the cairns and be back before the storm answers, or do not come back. Either way I will know by the light.'"
dlg.clan_chief.cq_ch_hook.c_else,Something else.
dlg.clan_chief.cq_ch_hook.c_go,I will relight them.
dlg.clan_chief.cq_su_hjalvar,"Hjalvar sits on the bench by the moot stone with his arm bound to his chest and a bruise spreading under the bandage. The hold smells of singed fur and tallow. 'A mote came through the wall of shields and I did not duck. Sixty years of being right about weather, and I did not duck.' His good hand finds the stone. 'The law is plain: a chief who cannot lead into the storm names who will, or the clans stay home. I would name no one. I would keep the passes shut and let him spend himself on the wall, and in a hundred years the weather would be only weather. The young do not have a hundred years, and nor do you.' He lets out a breath. 'Hear the exile. I would not, but the clans insist. Then come to the stone.'"
dlg.clan_chief.cq_su_hjalvar.c_else,Something else.
dlg.clan_chief.cq_su_hjalvar.c_go,I will hear him.
dlg.clan_chief.cq_st_after,"Hjalvar is on the bench by the hearth with his shoulder bound, and the hold is quiet in a way it has not been in his lifetime. 'The cairns burn. The sky has stopped.' He says nothing for a moment. 'My great-grandmother's mother said a Stormbound man went up to the Celestial stair and came home to find the hold on fire. We do not say his name. We say the storm. I have told the young it was weather for sixty years, and you went up there and ended weather.' His voice cracks and he turns it into a cough. 'The hearth is yours, Seventh. Not as chief. As kin.'"
dlg.clan_chief.cq_st_after.c_eat,Eat at his hearth.
dlg.clan_chief.cq_seat_hjalvar,'Eight clans still sit at my fire and none of them has asked me to step down. A chief who cannot climb is a chief who stays. I have found that is a better chief than the other kind.'
dlg.clan_chief.cq_seat_hjalvar.c_else,Something else.
dlg.clan_chief.cq_seat_halvar,"'He sits the high seat now, the exile, and the clans bring him their quarrels with their eyes on the floor. I sit by the fire and I am not sorry. A hold that cannot change is a hold that dies slowly. I told him so once, and I was right and wrong in the same breath.'"
dlg.clan_chief.cq_seat_halvar.c_else,Something else.
dlg.clan_chief.root.c_cq_seat_hjalvar,About the chief's seat.
dlg.clan_chief.root.c_cq_seat_halvar,About the chief's seat.
dlg.clan_exile.cq_su_halvar,"Halvar does not get up from his fire, and the fire is still too far from the hold's to be an accident. 'He has told you to be careful of me. Good. I would tell you the same.' He turns the stump to the flames. 'The winches at Stormfall. They are older than the hold. The first Stormbound raised the Stormcrown by them and then, when the Tyrant took it, cut the cables to keep him in. I found a crew who would splice them. The Syndicate paid for rope. I paid in whatever Hjalvar left me, which was one hand. Three hours up, if you have the nerve, and the clans will not climb behind us because they will not follow a man who has been judged. But they will not stop us. That is the whole of my plan.' He almost smiles. 'It is a better plan than a wall. It is also a worse one. Choose.'"
dlg.clan_exile.cq_su_halvar.c_else,Something else.
dlg.clan_exile.cq_su_halvar.c_go,I will come to the stone.
dlg.clan_exile.cq_st_after,"Halvar sits on the moot stone, which no exile has touched in twenty years, his stump on his knee. 'Quiet.' He tastes the word. 'I thought it would sound like winning.' He turns his one hand over. 'The clans have asked me to sit the high seat. I told them I would think. I am thinking. Hjalvar has not spoken to me, but he has sent bread, and among the Stormbound that is a sentence.' He looks up. 'You did a thing nobody else could. I will not forget whose hand it was, even when I would like to.'"
dlg.clan_exile.cq_st_after.c_take,Take the clans' thanks.
dlg.clan_exile.cq_seat_hjalvar_exile,"'My fire is still outside the hold's, and it is still the wrong distance. But I was not judged twice. The old fool kept his word, and I find I resent it.'"
dlg.clan_exile.cq_seat_hjalvar_exile.c_else,Something else.
dlg.clan_exile.root.c_cq_seat_hjalvar_exile,How is your fire?
dlg.clan_quartermaster.cq_ch_kit,"Sigrun does not look up from the tally. 'Oil, four lamps' worth. Flint, a good one, and you will bring it back. If you do not bring it back I will count you instead.' She pushes a stoppered jar and a flint haft across the table. 'The cairns are on the north ridge. If you see a mitten, do not touch it. The scout who wore it is not going to want it back.' She looks at you properly for the first time. 'The hold will know if the cairns burn. We always do.'"
dlg.clan_quartermaster.cq_ch_kit.c_else,Something else.
dlg.clan_quartermaster.cq_ch_kit.c_go,I will bring it back.
dlg.ashen_headwoman.cq_lh_hook,"Maeve Ashby is sitting on an upturned crate with an old bow across her knees, a good ten paces closer to the fence than anyone else in Last Hearth. 'Wolves,' she says, without looking round. 'The first winter they came to the fence in threes, sniffed, left. Last moon it was a dozen. Last night I counted thirty, standing in a ring, not growling, not eating. Just standing, as if somebody had told them to wait.' She finally looks at you. 'I have eleven people and one fence. The Hunters on the rise say the beasts are being called. I say whatever is calling them is about to say something else. They will come as soon as the light drops, and the light is dropping. If you mean to stand with us, stand now. I will not ask twice.'"
dlg.ashen_headwoman.cq_lh_hook.c_else,Something else.
dlg.ashen_headwoman.cq_lh_hook.c_go,I will hold the fence.
dlg.ashen_headwoman.cq_bl_after_slain,Maeve Ashby stands at the fence with no bow in her hands for the first time since you met her. 'The plateau is quiet. The wolves have stopped coming to the fence at all.' She stares at the ash where the herd stood. 'The Hunters came through at dawn and counted. The fence has not heard so many dying since the Breach. I am glad of the quiet. I would like to be glad of it without the smell.' She hands you a wrapped bundle of salted meat. 'It is not much. It is what the herd would have been.'
dlg.ashen_headwoman.cq_bl_after_slain.c_take,Take the bundle.
dlg.ashen_headwoman.cq_bl_after_calmed,"Maeve Ashby is in the middle of the fence line, laughing at a dire wolf. It lies on its side in the ash twenty paces from a calf elk and neither of them has a care in the world. 'They came back,' she says. 'Three nights ago, the whole ragged herd, and they settled by the fence like cattle. The wolf came to the gate this morning and asked for nothing.' She wipes her eyes. 'I have not slept a night through in thirty years. I did last night. I do not know how to thank you for the gap where the fear was.' She presses a stoppered bottle into your hand: Ada's tincture. 'For the road.'"
dlg.ashen_headwoman.cq_bl_after_calmed.c_take,Take it.
dlg.ashen_headwoman.cq_herd_slain_note,"'The wolves come to the fence in ones now. The Hunters' count, not mine. We eat well. I try not to ask what.'"
dlg.ashen_headwoman.cq_herd_slain_note.c_else,Something else.
dlg.ashen_headwoman.cq_herd_calmed_note,'The herd winters by our fence. We named the calf. Do not tell the Hunters.'
dlg.ashen_headwoman.cq_herd_calmed_note.c_else,Something else.
dlg.ashen_headwoman.root.c_cq_herd_slain_note,How is the fence?
dlg.ashen_headwoman.root.c_cq_herd_calmed_note,How is the fence?
dlg.ashen_mender.cq_lh_ada,"Ada Voss has wolf teeth in her apron pocket and blood to the elbows, and she does not stop winding the bandage. 'You held the fence. Good. Now tell me what I am looking at.' She turns a man's arm to the light: grey skin, black veins, a bite that will not close. 'It is not the wolves. The wolves have always bitten. It is that the bites go grey in a day, and the ones who have them hear the beasts as if they were talking. The ash is calling them and it is calling my patients and I am out of things to burn.' She finally looks up. 'The Hunters on the rise keep a count. Go and see Hask Morrow. If you can spare three healing herbs on the way, I can make smoke that lets a bitten man sleep through the calling.' She almost smiles. 'If you cannot, go anyway.'"
dlg.ashen_mender.cq_lh_ada.c_herbs,Here are three healing herbs.
dlg.ashen_mender.cq_lh_ada.c_else,Something else.
dlg.ashen_mender.cq_lh_ada.c_go,I will find Hask.
dlg.ashen_mender.cq_lh_ada_herbs,"She takes the herbs the way other people take bread. Within minutes a green-grey smoke is rolling off the brazier and the man with the grey arm is asleep with his face slack. 'I would tell you to be careful on the rise, but you have clearly decided what you are.' She presses a pair of health potions into your hand. 'For when the herbs run out.'"
dlg.ashen_mender.cq_lh_ada_herbs.c_go,Thank her.
dlg.ash_hunter_warden.cq_hh_hook,"Hask does not take his eyes off the road. 'Forty-one maws past the rise since the thaw. That is the number the Huntmaster has. Here is the one she does not: wolf and elk and boar walking the same road at night, together, not hunting each other. I have staked three tracks. Read them for yourself, because I am a poor witness to my own count. The stakes are red. Then go where they meet and tell me whether I am mad.'"
dlg.ash_hunter_warden.cq_hh_hook.c_else,Something else.
dlg.ash_hunter_warden.cq_hh_hook.c_go,I will read the tracks.
dlg.ash_hunter_warden.cq_bl_hearsay,"Hask has not moved from the rail since you last spoke, but his glass is pointed a different way now: east along the plateau road, where the ash lies grey and untouched. 'Three nights before you came, a rider went up that road. Black iron, tall, no banner. The wolves parted for him like water. I have stood on this rise twelve years and they have never once made room for me.' He lowers the glass. 'He did not stop at the station, did not look at the herd. He stood at the foot of the ramp for the length of a count and then rode back down. I have been trying since to decide whether he was afraid of what is up there or sorry for it.' He looks at you. 'He is a hunter, that one. I know the shape of it. I do not think the beast was his quarry.'"
dlg.ash_hunter_warden.cq_bl_hearsay.c_else,Something else.
dlg.ash_hunter_warden.cq_bl_hearsay.c_go,Thank him.
dlg.ash_hunter_warden.cq_herd_slain_hask,'Forty-one dead on the shallow. The Huntmaster has the count. It is the cleanest cull this station has logged and I wish I had not been there to log it.'
dlg.ash_hunter_warden.cq_herd_slain_hask.c_else,Something else.
dlg.ash_hunter_warden.cq_herd_calmed_hask,"'Smoke.' He shakes his head slowly. 'Sixty years of the Hunters' manual and none of it says smoke. I have written it down, in the margin, in my own hand. If it works twice, they will make me put it in the book.'"
dlg.ash_hunter_warden.cq_herd_calmed_hask.c_else,Something else.
dlg.ash_hunter_warden.root.c_cq_herd_slain_hask,About the cull.
dlg.ash_hunter_warden.root.c_cq_herd_calmed_hask,About the smoke.
dlg.sunspire_wellkeeper.cq_dw_hook,"Mother Oda Sarn hands you a cup of water without asking and watches your face while you drink. It tastes of rain on a hot stone and, under that, of something burnt. 'There,' she says. 'You taste it. The Archive's three gauge stones are set into the oasis wall: east, middle, west. I have read them every dawn for forty years. All three went grey this season. My grandson walked south at midsummer with the Prophet's people and the water has been worse every week since.' She takes the cup back and pours what is left into the sand, which she has never done. 'Water is free. That is the oldest law in the Dominion and I will not break it by serving this. Read the stones for me. Then ask who is carrying jars through the gap.'"
dlg.sunspire_wellkeeper.cq_dw_hook.c_else,Something else.
dlg.sunspire_wellkeeper.cq_dw_hook.c_go,I will read them.
dlg.sunspire_wellkeeper.cq_cp_after_exposed,"Mother Oda Sarn stands on the lip of the cistern with her arms folded, looking down into water that is, at last, merely water. 'It tastes of rain on a hot stone,' she says. 'Only that.' Beside her a young man in a faded red robe sits on the stone edge with his boots in the sand, thin, coughing, not looking at either of you. 'My grandson came home at midwinter with a cough and an apology. The Archive's people read the stones with me now, every dawn, so I am not alone in looking.' She presses a flask into your hand. 'Spring water, from the first clean draw. It is not for drinking. It is for remembering there was a day it was not clean.'"
dlg.sunspire_wellkeeper.cq_cp_after_exposed.c_take,Take the flask.
dlg.sunspire_wellkeeper.cq_cp_after_turned,"Mother Oda Sarn sits on the cistern rim with twenty former pilgrims in plain grey around her, passing a ladle. They look at you when you come in, and then at the water, as if checking whether you approve. 'They keep asking what to do next,' she says dryly. 'I told them to fetch water. They did. I told them to stop looking at me for instructions and they looked at you instead.' Her mouth thins. 'They are good people. They were told for years they were nothing, and then somebody told them they were something, and now they are waiting for the next somebody. I am not sure I like what you have made, and I am not sure I would have done better.'"
dlg.sunspire_wellkeeper.cq_cp_after_turned.c_take,Thank her.
dlg.sunspire_wellkeeper.cq_cp_after_kin,"Mother Oda Sarn does not look up from the ledger she keeps at the cistern. The water in the cup beside her is still faintly grey. 'You came back alone,' she says. 'No word of my grandson. The pilgrims say there is an open place for anyone who hears the voice, and that the voice has gone quiet since you went in.' She turns the page. 'I have decided not to ask what you said to him at the door. I have decided that many times.' She slides a cup across the counter. 'Water is free. It will still be free when you want it.'"
dlg.sunspire_wellkeeper.cq_cp_after_kin.c_go,Take the cup.
dlg.sunspire_wellkeeper.cq_cp_after_neutral,"'They have stopped walking south,' Oda says. 'The red robes are gone from the gap. I will believe it when the water runs clear.'"
dlg.sunspire_wellkeeper.cq_cp_after_neutral.c_else,Something else.
dlg.sunspire_wellkeeper.cq_gs_exposed,"'He drinks from the cistern like everyone else, now, and complains that it has no flavour. I have never heard a sweeter complaint.'"
dlg.sunspire_wellkeeper.cq_gs_exposed.c_else,Something else.
dlg.sunspire_wellkeeper.cq_gs_turned,'He is among the grey ones by the cistern. He fetches water and he looks at the road you went by. Give him time.'
dlg.sunspire_wellkeeper.cq_gs_turned.c_else,Something else.
dlg.sunspire_wellkeeper.cq_gs_kin,"'No word. I pour his portion at dusk, the way my mother did for my father. The water goes into the sand and the sand does not complain.'"
dlg.sunspire_wellkeeper.cq_gs_kin.c_else,Something else.
dlg.sunspire_wellkeeper.root.c_cq_gs_exposed,Any word of your grandson?
dlg.sunspire_wellkeeper.root.c_cq_gs_turned,Any word of your grandson?
dlg.sunspire_wellkeeper.root.c_cq_gs_kin,Any word of your grandson?
dlg.sunspire_caravan_master.cq_dw_vane,"Idrys Vane stands beside three turned-back carts with the face of a man who has been doing sums in his head for a week. 'Gap's blocked. Not by soldiers, by pilgrims. Two hundred in red, filing south every dawn in a line you cannot push through without hurting someone, each carrying a stoppered jar of water they took from my own wells. They do not speak to me. They smile at me like I am the one who is lost.' He kicks a wheel. 'Twenty years I have driven this road and I never needed a sword. I have hired four this week. Ask Tamsin Reed what the jars are for. She is the only one of them who ever came back.'"
dlg.sunspire_caravan_master.cq_dw_vane.c_else,Something else.
dlg.sunspire_caravan_master.cq_dw_vane.c_go,I will ask her.
dlg.sunspire_pilgrim.cq_dw_tamsin,"Tamsin Reed is crouched behind the cistern's far wall with her knees to her chest and a red robe balled in her lap that she has been trying to give away. 'The jars go south. Every pilgrim fills one at the wells before the walk, to be blessed at the altar, and they come back at midnight: not blessed, burned. Ash. They tip the ash into the cistern upstream from the oasis wall and call it communion. Whoever drinks it hears the voice better.' She scrubs a hand across her face. 'I drank it. Twice. It is the most beautiful thing I have ever heard and I have never been so frightened. He needs the wells because the wells are the only water in the Dominion. Everyone has to drink somewhere.' She looks up. 'The deacon at the chapel door keeps a ledger. Everyone's name is in it. If you want to stop it, that is where it stops.'"
dlg.sunspire_pilgrim.cq_dw_tamsin.c_else,Something else.
dlg.sunspire_pilgrim.cq_dw_tamsin.c_go,I will see the deacon.
dlg.sunspire_pilgrim.cq_pf_turned,"Tamsin Reed has found a plain grey cloak from somewhere and wears it like armour. Behind her two dozen former pilgrims stand in a line with empty jars, looking at you the way people look at a lighthouse. 'They want to go home,' she says. 'They do not know where that is. I am taking them to the wells to teach them to fetch water. Real water.' Her voice shakes. 'You said no to the voice in front of them. Do you know what that did? It did not free them. It gave them somebody else to listen to.' She breathes. 'I will spend the rest of my life teaching them to listen to themselves. Please do not make it harder.'"
dlg.sunspire_pilgrim.cq_pf_turned.c_else,Something else.
dlg.sunspire_pilgrim.cq_pf_turned.c_go,I will not.
boss.storm_tyrant.arc_locked,"The lightning rod stands dead. The clans have not yet named who climbs, and the storm will not answer a stranger."
boss.beast_lord.arc_locked,"The brazier will not take. The herds still answer a voice on the plateau, and it is not yours yet."
boss.crimson_prophet.arc_locked,"The altar fire will not take. His flock still kneels in the nave, and he is not ready to hear you."
landing.fork.dray_spared,"A squad of Dawnwardens holds the first beacon under a Watch banner, and Captain Orsolo Dray is drilling them in a voice that does not shake. 'The Crossway sends what it can,' he says. 'It sends me too, which is more than I had a right to expect.'"
epilogue.fork.dray_spared,"Orsolo Dray took a captain's chair at the Crossway and kept the road open to everyone, whether they could pay the toll or not. They say a stranger unlocked his cell, and nobody at the post will say who."
landing.fork.dray_pressed,"The first beacon is held by hired iron and a Syndicate crew who count the cost of everything aloud. A scrap of black mail hangs at their quartermaster's belt, stamped with a marshal's seal, and nobody meets your eye when you notice it."
epilogue.fork.dray_pressed,The Citadel's strongbox paid for a season of barley and a season of silence. The Watch at the Crossway still keeps a page in its book about a marshal whose pockets were emptied in his own cell.
landing.fork.succession_hjalvar,"Hjalvar Stormbound has climbed the Stair on a litter carried by his own grandsons, and the clans stand behind him in a wall, shamans in the middle and the young on the flanks. 'We came as we said we would,' he tells you. 'Slowly. All of us.'"
epilogue.fork.succession_hjalvar,Hjalvar kept the high seat until the spring thaw and gave it up to a granddaughter who could read the cairns before she could read letters. The eight clans still walk to the moot stone together.
landing.fork.succession_halvar,"Halvar One-Hand waits at the second beacon with a dozen of the quick and the unjudged, rope still coiled at their hips. 'Three hours up and no breakfast,' he says. 'The Syndicate would like its rope back.'"
epilogue.fork.succession_halvar,"Halvar sat the high seat and found it colder than the fire outside the gate. The clans changed their law once, to let an exile speak at the moot, and he never abused it."
landing.fork.herd_slain,"A line of Ash Hunters in scorched leathers holds the third beacon with long bows and no small talk. 'The count was clean,' their warden says. 'It was the cleanest cull the station ever logged. We would rather it had not been.'"
epilogue.fork.herd_slain,"The Wilds quieted, and the Hunters' ledger was the thicker for it. Last Hearth ate well that winter and did not ask where the meat had come from."
landing.fork.herd_calmed,"A grey elk cow and a dire wolf stand together at the edge of the landing, perfectly calm, with a calf asleep between them. Maeve Ashby's people hold the beacon beside them, laughing at something the wolf has done."
epilogue.fork.herd_calmed,"Last Hearth named the calf. The Hunters wrote one word in the margin of their manual, and by the third winter other stations were writing it too: smoke."
landing.fork.flock_exposed,"Mother Oda's grandson stands at the landing in a faded red robe with a cup of clean water in both hands, coughing and trying not to. Behind him a handful of former pilgrims carry jars that are empty and that they are proud of."
epilogue.fork.flock_exposed,"The wells at Saffra ran clear, and the Archive's readers came every dawn to measure them. Mother Oda's grandson learned the gauges and read them aloud each morning to anyone who asked."
landing.fork.flock_turned,"Tamsin Reed leads two dozen former pilgrims in plain grey up the landing steps, in step, looking at you the way people look at a lamp. 'They asked to come,' she says. 'I have not yet taught them how to say no to you.'"
epilogue.fork.flock_turned,Two dozen grey cloaks still fetch water at Saffra Wells and still look up when a stranger passes. Tamsin teaches them to look at the water instead. Some days it works.
landing.fork.flock_kin,"The deacon's red robe hangs from a post at the landing like a flag nobody raised. The warm air that drifts from somewhere behind the beacons knows your name, and does not seem surprised to see you."
epilogue.fork.flock_kin,"The pilgrim track is empty now. Mother Oda pours a cup into the sand at dusk for a grandson who did not come home, and the sand has stopped answering."
bark.kael_toren,"Toren's cairn. Somebody has kept the grass pulled for twelve winters, and I never asked who."
bark.wren_square,You held the line instead of running. In my trade that is half the wage.
bark.tessa_crate,Stamped twice. Whoever stamps a thing twice is hiding who paid for the first.
bark.kael_dray_spared,"You cut his chains. I did not think you would, and I am glad I was wrong."
bark.kael_dray_pressed,That was not a question you put to him. That was a hand on his throat. Mind where it goes next.
bark.wren_halvar,A one-handed guide and a Syndicate rope crew. I have worked worse contracts.
bark.tessa_herd_calmed,"Smoke, not steel. Nobody on the wharf will believe me when I tell it."
bark.kael_herd_slain,They did not know they were doing wrong. I keep thinking about the calf.
bark.wren_flock_kin,You told him you hear it. Say it was a lie told on purpose and I will keep walking.
bark.tessa_flock_exposed,"Numbers on a page, and a whole chapel believed them. I should have kept a ledger like that at the hull."
ch.2.sunspire,Act II: Dry Wells
chapter.ch.2.sunspire.title,Act II: Dry Wells
chapter.ch.2.sunspire.subtitle,The oldest law in the Dominion is that water is free. Someone is poisoning it.
boss.crimson_prophet.epithet,The Voice in the Altar
boss.crimson_prophet.intro,"'Come closer. It has been waiting to speak to you, and so have I.'"
# --- END campaign:spec1 ---
# --- BEGIN campaign:spec2 ---
# --- END campaign:spec2 ---
# --- BEGIN campaign:world ---
# --- END campaign:world ---
# --- BEGIN campaign:ui ---
# --- END campaign:ui ---
